QCEventKey,AnalyzerID,TestDurableKey,DateKey,QCDateTime,QCStatus,DowntimeMinutes,RowStatus
1,ANALYZER_CHEM_01,15,20240101,2024-01-01 08:00:00,Fail,3.22,Active
2,ANALYZER_HEMA_02,19,20240101,2024-01-01 14:00:00,Fail,2.97,Active
3,ANALYZER_IMMUNO_03,12,20240101,2024-01-01 08:00:00,Pass,2.91,Active
4,ANALYZER_CHEM_01,11,20240102,2024-01-02 16:00:00,Pass,3.10,Active
5,ANALYZER_HEMA_02,19,20240102,2024-01-02 09:00:00,Fail,2.71,Active
6,ANALYZER_IMMUNO_03,20,20240102,2024-01-02 08:00:00,Pass,2.72,Active
7,ANALYZER_CHEM_01,19,20240103,2024-01-03 12:00:00,Pass,4.17,Active
8,ANALYZER_HEMA_02,19,20240103,2024-01-03 16:00:00,Pass,2.64,Active
9,ANALYZER_IMMUNO_03,18,20240103,2024-01-03 17:00:00,Fail,3.69,Active
10,ANALYZER_CHEM_01,19,20240104,2024-01-04 07:00:00,Pass,3.27,Active
11,ANALYZER_HEMA_02,9,20240104,2024-01-04 07:00:00,Pass,2.20,Active
12,ANALYZER_IMMUNO_03,18,20240104,2024-01-04 07:00:00,Fail,3.10,Active
13,ANALYZER_CHEM_01,15,20240105,2024-01-05 13:00:00,Fail,1.63,Active
14,ANALYZER_HEMA_02,9,20240105,2024-01-05 08:00:00,Fail,3.67,Active
15,ANALYZER_IMMUNO_03,7,20240105,2024-01-05 16:00:00,Pass,3.29,Active
16,ANALYZER_CHEM_01,14,20240106,2024-01-06 11:00:00,Fail,0.65,Active
17,ANALYZER_HEMA_02,19,20240106,2024-01-06 09:00:00,Fail,1.63,Active
18,ANALYZER_IMMUNO_03,4,20240106,2024-01-06 06:00:00,Pass,2.97,Active
19,ANALYZER_CHEM_01,19,20240107,2024-01-07 16:00:00,Fail,1.83,Active
20,ANALYZER_HEMA_02,9,20240107,2024-01-07 12:00:00,Fail,2.42,Active
21,ANALYZER_IMMUNO_03,17,20240107,2024-01-07 08:00:00,Pass,3.10,Active
22,ANALYZER_CHEM_01,1,20240108,2024-01-08 14:00:00,Fail,1.51,Active
23,ANALYZER_HEMA_02,9,20240108,2024-01-08 12:00:00,Fail,2.81,Active
24,ANALYZER_IMMUNO_03,17,20240108,2024-01-08 14:00:00,Fail,4.44,Active
25,ANALYZER_CHEM_01,3,20240109,2024-01-09 18:00:00,Pass,0.87,Active
26,ANALYZER_HEMA_02,19,20240109,2024-01-09 11:00:00,Fail,3.59,Active
27,ANALYZER_IMMUNO_03,20,20240109,2024-01-09 10:00:00,Fail,0.82,Active
28,ANALYZER_CHEM_01,2,20240110,2024-01-10 18:00:00,Fail,4.16,Active
29,ANALYZER_HEMA_02,9,20240110,2024-01-10 08:00:00,Fail,2.91,Active
30,ANALYZER_IMMUNO_03,12,20240110,2024-01-10 09:00:00,Fail,3.14,Active
31,ANALYZER_CHEM_01,3,20240111,2024-01-11 08:00:00,Fail,2.37,Active
32,ANALYZER_HEMA_02,9,20240111,2024-01-11 10:00:00,Fail,0.52,Active
33,ANALYZER_IMMUNO_03,10,20240111,2024-01-11 14:00:00,Pass,2.32,Active
34,ANALYZER_CHEM_01,14,20240112,2024-01-12 07:00:00,Pass,4.39,Active
35,ANALYZER_HEMA_02,19,20240112,2024-01-12 11:00:00,Fail,1.32,Active
36,ANALYZER_IMMUNO_03,10,20240112,2024-01-12 08:00:00,Pass,1.65,Active
37,ANALYZER_CHEM_01,1,20240113,2024-01-13 06:00:00,Pass,1.53,Active
38,ANALYZER_HEMA_02,9,20240113,2024-01-13 16:00:00,Pass,0.77,Active
39,ANALYZER_IMMUNO_03,10,20240113,2024-01-13 12:00:00,Fail,3.43,Active
40,ANALYZER_CHEM_01,19,20240114,2024-01-14 08:00:00,Fail,0.63,Active
41,ANALYZER_HEMA_02,9,20240114,2024-01-14 08:00:00,Fail,4.35,Active
42,ANALYZER_IMMUNO_03,17,20240114,2024-01-14 13:00:00,Fail,3.87,Active
43,ANALYZER_CHEM_01,14,20240115,2024-01-15 13:00:00,Pass,3.84,Active
44,ANALYZER_HEMA_02,19,20240115,2024-01-15 12:00:00,Pass,1.71,Active
45,ANALYZER_IMMUNO_03,20,20240115,2024-01-15 16:00:00,Pass,2.80,Active
46,ANALYZER_CHEM_01,1,20240116,2024-01-16 14:00:00,Fail,1.78,Active
47,ANALYZER_HEMA_02,9,20240116,2024-01-16 10:00:00,Pass,3.74,Active
48,ANALYZER_IMMUNO_03,4,20240116,2024-01-16 18:00:00,Pass,0.57,Active
49,ANALYZER_CHEM_01,16,20240117,2024-01-17 13:00:00,Pass,2.35,Active
50,ANALYZER_HEMA_02,19,20240117,2024-01-17 07:00:00,Pass,0.68,Active
51,ANALYZER_IMMUNO_03,20,20240117,2024-01-17 18:00:00,Fail,1.63,Active
52,ANALYZER_CHEM_01,11,20240118,2024-01-18 14:00:00,Pass,0.82,Active
53,ANALYZER_HEMA_02,19,20240118,2024-01-18 16:00:00,Fail,1.42,Active
54,ANALYZER_IMMUNO_03,7,20240118,2024-01-18 09:00:00,Pass,1.97,Active
55,ANALYZER_CHEM_01,3,20240119,2024-01-19 06:00:00,Fail,3.86,Active
56,ANALYZER_HEMA_02,9,20240119,2024-01-19 12:00:00,Pass,2.06,Active
57,ANALYZER_IMMUNO_03,12,20240119,2024-01-19 14:00:00,Fail,3.53,Active
58,ANALYZER_CHEM_01,2,20240120,2024-01-20 10:00:00,Fail,2.46,Active
59,ANALYZER_HEMA_02,9,20240120,2024-01-20 12:00:00,Pass,2.36,Active
60,ANALYZER_IMMUNO_03,18,20240120,2024-01-20 10:00:00,Fail,2.27,Active
61,ANALYZER_CHEM_01,19,20240121,2024-01-21 14:00:00,Pass,1.18,Active
62,ANALYZER_HEMA_02,19,20240121,2024-01-21 11:00:00,Fail,1.37,Active
63,ANALYZER_IMMUNO_03,17,20240121,2024-01-21 06:00:00,Pass,4.17,Active
64,ANALYZER_CHEM_01,16,20240122,2024-01-22 08:00:00,Fail,1.93,Active
65,ANALYZER_HEMA_02,9,20240122,2024-01-22 18:00:00,Fail,3.45,Active
66,ANALYZER_IMMUNO_03,4,20240122,2024-01-22 09:00:00,Pass,2.14,Active
67,ANALYZER_CHEM_01,15,20240123,2024-01-23 12:00:00,Pass,3.07,Active
68,ANALYZER_HEMA_02,9,20240123,2024-01-23 18:00:00,Pass,4.31,Active
69,ANALYZER_IMMUNO_03,20,20240123,2024-01-23 12:00:00,Pass,3.36,Active
70,ANALYZER_CHEM_01,19,20240124,2024-01-24 18:00:00,Fail,3.98,Active
71,ANALYZER_HEMA_02,9,20240124,2024-01-24 15:00:00,Pass,3.14,Active
72,ANALYZER_IMMUNO_03,17,20240124,2024-01-24 17:00:00,Pass,1.05,Active
73,ANALYZER_CHEM_01,3,20240125,2024-01-25 12:00:00,Fail,2.77,Active
74,ANALYZER_HEMA_02,9,20240125,2024-01-25 14:00:00,Fail,3.80,Active
75,ANALYZER_IMMUNO_03,10,20240125,2024-01-25 08:00:00,Fail,4.43,Active
76,ANALYZER_CHEM_01,1,20240126,2024-01-26 12:00:00,Pass,1.06,Active
77,ANALYZER_HEMA_02,19,20240126,2024-01-26 17:00:00,Fail,3.18,Active
78,ANALYZER_IMMUNO_03,7,20240126,2024-01-26 09:00:00,Fail,1.77,Active
79,ANALYZER_CHEM_01,16,20240127,2024-01-27 10:00:00,Pass,1.34,Active
80,ANALYZER_HEMA_02,9,20240127,2024-01-27 18:00:00,Pass,1.39,Active
81,ANALYZER_IMMUNO_03,7,20240127,2024-01-27 15:00:00,Fail,3.44,Active
82,ANALYZER_CHEM_01,19,20240128,2024-01-28 16:00:00,Pass,0.52,Active
83,ANALYZER_HEMA_02,9,20240128,2024-01-28 16:00:00,Fail,3.00,Active
84,ANALYZER_IMMUNO_03,12,20240128,2024-01-28 14:00:00,Fail,0.85,Active
85,ANALYZER_CHEM_01,15,20240129,2024-01-29 18:00:00,Pass,2.19,Active
86,ANALYZER_HEMA_02,9,20240129,2024-01-29 09:00:00,Pass,1.13,Active
87,ANALYZER_IMMUNO_03,7,20240129,2024-01-29 16:00:00,Fail,0.88,Active
88,ANALYZER_CHEM_01,2,20240130,2024-01-30 06:00:00,Pass,2.10,Active
89,ANALYZER_HEMA_02,19,20240130,2024-01-30 06:00:00,Fail,3.91,Active
90,ANALYZER_IMMUNO_03,4,20240130,2024-01-30 13:00:00,Pass,3.49,Active
91,ANALYZER_CHEM_01,19,20240131,2024-01-31 16:00:00,Pass,3.72,Active
92,ANALYZER_HEMA_02,9,20240131,2024-01-31 10:00:00,Fail,1.85,Active
93,ANALYZER_IMMUNO_03,20,20240131,2024-01-31 15:00:00,Pass,0.80,Active
94,ANALYZER_CHEM_01,3,20240201,2024-02-01 13:00:00,Fail,1.69,Active
95,ANALYZER_HEMA_02,19,20240201,2024-02-01 16:00:00,Pass,1.70,Active
96,ANALYZER_IMMUNO_03,7,20240201,2024-02-01 17:00:00,Pass,0.66,Active
97,ANALYZER_CHEM_01,2,20240202,2024-02-02 09:00:00,Fail,3.77,Active
98,ANALYZER_HEMA_02,19,20240202,2024-02-02 17:00:00,Fail,3.90,Active
99,ANALYZER_IMMUNO_03,4,20240202,2024-02-02 07:00:00,Fail,2.85,Active
100,ANALYZER_CHEM_01,1,20240203,2024-02-03 14:00:00,Fail,1.42,Active
101,ANALYZER_HEMA_02,19,20240203,2024-02-03 17:00:00,Fail,1.62,Active
102,ANALYZER_IMMUNO_03,4,20240203,2024-02-03 15:00:00,Fail,2.95,Active
103,ANALYZER_CHEM_01,3,20240204,2024-02-04 11:00:00,Fail,1.84,Active
104,ANALYZER_HEMA_02,19,20240204,2024-02-04 13:00:00,Fail,2.67,Active
105,ANALYZER_IMMUNO_03,12,20240204,2024-02-04 06:00:00,Pass,1.52,Active
106,ANALYZER_CHEM_01,14,20240205,2024-02-05 13:00:00,Pass,2.42,Active
107,ANALYZER_HEMA_02,19,20240205,2024-02-05 07:00:00,Pass,1.83,Active
108,ANALYZER_IMMUNO_03,4,20240205,2024-02-05 08:00:00,Fail,2.57,Active
109,ANALYZER_CHEM_01,14,20240206,2024-02-06 10:00:00,Fail,4.08,Active
110,ANALYZER_HEMA_02,9,20240206,2024-02-06 07:00:00,Fail,3.16,Active
111,ANALYZER_IMMUNO_03,17,20240206,2024-02-06 13:00:00,Pass,1.56,Active
112,ANALYZER_CHEM_01,14,20240207,2024-02-07 10:00:00,Pass,0.64,Active
113,ANALYZER_HEMA_02,9,20240207,2024-02-07 17:00:00,Pass,3.09,Active
114,ANALYZER_IMMUNO_03,4,20240207,2024-02-07 10:00:00,Fail,3.31,Active
115,ANALYZER_CHEM_01,15,20240208,2024-02-08 10:00:00,Pass,3.52,Active
116,ANALYZER_HEMA_02,19,20240208,2024-02-08 14:00:00,Pass,2.89,Active
117,ANALYZER_IMMUNO_03,10,20240208,2024-02-08 09:00:00,Fail,4.07,Active
118,ANALYZER_CHEM_01,11,20240209,2024-02-09 08:00:00,Pass,1.42,Active
119,ANALYZER_HEMA_02,9,20240209,2024-02-09 17:00:00,Pass,1.74,Active
120,ANALYZER_IMMUNO_03,10,20240209,2024-02-09 11:00:00,Fail,3.10,Active
121,ANALYZER_CHEM_01,14,20240210,2024-02-10 06:00:00,Fail,2.05,Active
122,ANALYZER_HEMA_02,19,20240210,2024-02-10 17:00:00,Fail,4.11,Active
123,ANALYZER_IMMUNO_03,18,20240210,2024-02-10 07:00:00,Fail,1.98,Active
124,ANALYZER_CHEM_01,14,20240211,2024-02-11 08:00:00,Pass,0.67,Active
125,ANALYZER_HEMA_02,19,20240211,2024-02-11 09:00:00,Fail,3.28,Active
126,ANALYZER_IMMUNO_03,18,20240211,2024-02-11 17:00:00,Fail,3.52,Active
127,ANALYZER_CHEM_01,3,20240212,2024-02-12 18:00:00,Fail,1.60,Active
128,ANALYZER_HEMA_02,9,20240212,2024-02-12 15:00:00,Pass,4.20,Active
129,ANALYZER_IMMUNO_03,18,20240212,2024-02-12 09:00:00,Fail,1.99,Active
130,ANALYZER_CHEM_01,11,20240213,2024-02-13 09:00:00,Fail,0.79,Active
131,ANALYZER_HEMA_02,19,20240213,2024-02-13 10:00:00,Pass,1.91,Active
132,ANALYZER_IMMUNO_03,7,20240213,2024-02-13 17:00:00,Fail,4.01,Active
133,ANALYZER_CHEM_01,14,20240214,2024-02-14 12:00:00,Pass,2.13,Active
134,ANALYZER_HEMA_02,19,20240214,2024-02-14 14:00:00,Pass,3.54,Active
135,ANALYZER_IMMUNO_03,17,20240214,2024-02-14 08:00:00,Fail,4.38,Active
136,ANALYZER_CHEM_01,11,20240215,2024-02-15 07:00:00,Pass,3.34,Active
137,ANALYZER_HEMA_02,19,20240215,2024-02-15 13:00:00,Fail,1.58,Active
138,ANALYZER_IMMUNO_03,18,20240215,2024-02-15 11:00:00,Pass,3.34,Active
139,ANALYZER_CHEM_01,16,20240216,2024-02-16 09:00:00,Fail,3.33,Active
140,ANALYZER_HEMA_02,19,20240216,2024-02-16 14:00:00,Pass,1.94,Active
141,ANALYZER_IMMUNO_03,7,20240216,2024-02-16 07:00:00,Fail,3.23,Active
142,ANALYZER_CHEM_01,3,20240217,2024-02-17 13:00:00,Fail,3.35,Active
143,ANALYZER_HEMA_02,9,20240217,2024-02-17 06:00:00,Pass,4.43,Active
144,ANALYZER_IMMUNO_03,10,20240217,2024-02-17 06:00:00,Pass,1.13,Active
145,ANALYZER_CHEM_01,2,20240218,2024-02-18 06:00:00,Pass,2.53,Active
146,ANALYZER_HEMA_02,19,20240218,2024-02-18 18:00:00,Fail,2.62,Active
147,ANALYZER_IMMUNO_03,12,20240218,2024-02-18 10:00:00,Fail,3.77,Active
148,ANALYZER_CHEM_01,15,20240219,2024-02-19 10:00:00,Fail,4.31,Active
149,ANALYZER_HEMA_02,9,20240219,2024-02-19 08:00:00,Pass,4.45,Active
150,ANALYZER_IMMUNO_03,12,20240219,2024-02-19 11:00:00,Pass,4.49,Active
151,ANALYZER_CHEM_01,1,20240220,2024-02-20 10:00:00,Fail,2.66,Active
152,ANALYZER_HEMA_02,9,20240220,2024-02-20 08:00:00,Fail,3.96,Active
153,ANALYZER_IMMUNO_03,10,20240220,2024-02-20 07:00:00,Pass,1.63,Active
154,ANALYZER_CHEM_01,19,20240221,2024-02-21 17:00:00,Pass,1.29,Active
155,ANALYZER_HEMA_02,19,20240221,2024-02-21 15:00:00,Pass,1.48,Active
156,ANALYZER_IMMUNO_03,4,20240221,2024-02-21 15:00:00,Fail,1.26,Active
157,ANALYZER_CHEM_01,11,20240222,2024-02-22 09:00:00,Pass,3.61,Active
158,ANALYZER_HEMA_02,9,20240222,2024-02-22 10:00:00,Fail,3.91,Active
159,ANALYZER_IMMUNO_03,7,20240222,2024-02-22 08:00:00,Pass,4.24,Active
160,ANALYZER_CHEM_01,16,20240223,2024-02-23 15:00:00,Pass,1.26,Active
161,ANALYZER_HEMA_02,19,20240223,2024-02-23 06:00:00,Pass,1.10,Active
162,ANALYZER_IMMUNO_03,20,20240223,2024-02-23 12:00:00,Fail,2.64,Active
163,ANALYZER_CHEM_01,15,20240224,2024-02-24 09:00:00,Fail,3.18,Active
164,ANALYZER_HEMA_02,9,20240224,2024-02-24 07:00:00,Pass,3.50,Active
165,ANALYZER_IMMUNO_03,18,20240224,2024-02-24 14:00:00,Pass,2.31,Active
166,ANALYZER_CHEM_01,19,20240225,2024-02-25 17:00:00,Fail,4.00,Active
167,ANALYZER_HEMA_02,9,20240225,2024-02-25 13:00:00,Pass,1.95,Active
168,ANALYZER_IMMUNO_03,4,20240225,2024-02-25 06:00:00,Fail,3.85,Active
169,ANALYZER_CHEM_01,14,20240226,2024-02-26 11:00:00,Fail,2.88,Active
170,ANALYZER_HEMA_02,19,20240226,2024-02-26 10:00:00,Pass,4.28,Active
171,ANALYZER_IMMUNO_03,10,20240226,2024-02-26 12:00:00,Pass,1.60,Active
172,ANALYZER_CHEM_01,11,20240227,2024-02-27 06:00:00,Pass,4.15,Active
173,ANALYZER_HEMA_02,19,20240227,2024-02-27 07:00:00,Fail,2.48,Active
174,ANALYZER_IMMUNO_03,17,20240227,2024-02-27 11:00:00,Pass,0.71,Active
175,ANALYZER_CHEM_01,1,20240228,2024-02-28 17:00:00,Pass,1.40,Active
176,ANALYZER_HEMA_02,9,20240228,2024-02-28 18:00:00,Fail,3.74,Active
177,ANALYZER_IMMUNO_03,12,20240228,2024-02-28 07:00:00,Pass,3.00,Active
178,ANALYZER_CHEM_01,3,20240229,2024-02-29 09:00:00,Fail,3.37,Active
179,ANALYZER_HEMA_02,9,20240229,2024-02-29 13:00:00,Fail,4.00,Active
180,ANALYZER_IMMUNO_03,12,20240229,2024-02-29 11:00:00,Fail,2.58,Active
181,ANALYZER_CHEM_01,11,20240301,2024-03-01 06:00:00,Pass,0.58,Active
182,ANALYZER_HEMA_02,19,20240301,2024-03-01 16:00:00,Fail,0.66,Active
183,ANALYZER_IMMUNO_03,17,20240301,2024-03-01 16:00:00,Pass,2.21,Active
184,ANALYZER_CHEM_01,2,20240302,2024-03-02 17:00:00,Fail,3.01,Active
185,ANALYZER_HEMA_02,9,20240302,2024-03-02 13:00:00,Fail,1.34,Active
186,ANALYZER_IMMUNO_03,4,20240302,2024-03-02 11:00:00,Fail,3.22,Active
187,ANALYZER_CHEM_01,16,20240303,2024-03-03 10:00:00,Fail,0.89,Active
188,ANALYZER_HEMA_02,9,20240303,2024-03-03 18:00:00,Fail,0.76,Active
189,ANALYZER_IMMUNO_03,17,20240303,2024-03-03 16:00:00,Pass,1.30,Active
190,ANALYZER_CHEM_01,3,20240304,2024-03-04 07:00:00,Pass,2.80,Active
191,ANALYZER_HEMA_02,19,20240304,2024-03-04 07:00:00,Pass,1.76,Active
192,ANALYZER_IMMUNO_03,18,20240304,2024-03-04 15:00:00,Pass,0.82,Active
193,ANALYZER_CHEM_01,11,20240305,2024-03-05 07:00:00,Pass,0.50,Active
194,ANALYZER_HEMA_02,19,20240305,2024-03-05 07:00:00,Pass,3.14,Active
195,ANALYZER_IMMUNO_03,7,20240305,2024-03-05 12:00:00,Fail,2.53,Active
196,ANALYZER_CHEM_01,14,20240306,2024-03-06 11:00:00,Pass,2.79,Active
197,ANALYZER_HEMA_02,9,20240306,2024-03-06 16:00:00,Fail,2.54,Active
198,ANALYZER_IMMUNO_03,17,20240306,2024-03-06 14:00:00,Pass,3.78,Active
199,ANALYZER_CHEM_01,15,20240307,2024-03-07 16:00:00,Fail,3.81,Active
200,ANALYZER_HEMA_02,9,20240307,2024-03-07 10:00:00,Fail,4.41,Active
201,ANALYZER_IMMUNO_03,10,20240307,2024-03-07 18:00:00,Pass,0.83,Active
202,ANALYZER_CHEM_01,2,20240308,2024-03-08 08:00:00,Fail,1.86,Active
203,ANALYZER_HEMA_02,19,20240308,2024-03-08 14:00:00,Pass,3.23,Active
204,ANALYZER_IMMUNO_03,20,20240308,2024-03-08 11:00:00,Pass,2.71,Active
205,ANALYZER_CHEM_01,16,20240309,2024-03-09 15:00:00,Pass,1.34,Active
206,ANALYZER_HEMA_02,9,20240309,2024-03-09 10:00:00,Fail,0.67,Active
207,ANALYZER_IMMUNO_03,20,20240309,2024-03-09 12:00:00,Pass,3.20,Active
208,ANALYZER_CHEM_01,15,20240310,2024-03-10 07:00:00,Fail,4.34,Active
209,ANALYZER_HEMA_02,9,20240310,2024-03-10 07:00:00,Fail,1.40,Active
210,ANALYZER_IMMUNO_03,18,20240310,2024-03-10 18:00:00,Fail,3.58,Active
211,ANALYZER_CHEM_01,3,20240311,2024-03-11 14:00:00,Fail,2.75,Active
212,ANALYZER_HEMA_02,9,20240311,2024-03-11 16:00:00,Fail,2.55,Active
213,ANALYZER_IMMUNO_03,20,20240311,2024-03-11 15:00:00,Fail,3.33,Active
214,ANALYZER_CHEM_01,14,20240312,2024-03-12 16:00:00,Pass,4.07,Active
215,ANALYZER_HEMA_02,9,20240312,2024-03-12 12:00:00,Pass,1.05,Active
216,ANALYZER_IMMUNO_03,20,20240312,2024-03-12 14:00:00,Pass,2.00,Active
217,ANALYZER_CHEM_01,1,20240313,2024-03-13 17:00:00,Pass,1.05,Active
218,ANALYZER_HEMA_02,19,20240313,2024-03-13 10:00:00,Pass,3.81,Active
219,ANALYZER_IMMUNO_03,7,20240313,2024-03-13 15:00:00,Fail,2.63,Active
220,ANALYZER_CHEM_01,2,20240314,2024-03-14 14:00:00,Pass,2.09,Active
221,ANALYZER_HEMA_02,19,20240314,2024-03-14 11:00:00,Fail,3.63,Active
222,ANALYZER_IMMUNO_03,4,20240314,2024-03-14 11:00:00,Fail,1.54,Active
223,ANALYZER_CHEM_01,3,20240315,2024-03-15 08:00:00,Pass,0.57,Active
224,ANALYZER_HEMA_02,19,20240315,2024-03-15 09:00:00,Pass,2.50,Active
225,ANALYZER_IMMUNO_03,12,20240315,2024-03-15 15:00:00,Fail,2.72,Active
226,ANALYZER_CHEM_01,11,20240316,2024-03-16 12:00:00,Pass,0.66,Active
227,ANALYZER_HEMA_02,19,20240316,2024-03-16 13:00:00,Fail,4.18,Active
228,ANALYZER_IMMUNO_03,10,20240316,2024-03-16 17:00:00,Pass,1.26,Active
229,ANALYZER_CHEM_01,19,20240317,2024-03-17 07:00:00,Fail,4.40,Active
230,ANALYZER_HEMA_02,19,20240317,2024-03-17 13:00:00,Fail,1.43,Active
231,ANALYZER_IMMUNO_03,20,20240317,2024-03-17 08:00:00,Fail,0.65,Active
232,ANALYZER_CHEM_01,2,20240318,2024-03-18 06:00:00,Fail,3.08,Active
233,ANALYZER_HEMA_02,19,20240318,2024-03-18 16:00:00,Pass,0.88,Active
234,ANALYZER_IMMUNO_03,10,20240318,2024-03-18 14:00:00,Pass,2.03,Active
235,ANALYZER_CHEM_01,2,20240319,2024-03-19 14:00:00,Fail,4.45,Active
236,ANALYZER_HEMA_02,9,20240319,2024-03-19 14:00:00,Fail,3.17,Active
237,ANALYZER_IMMUNO_03,7,20240319,2024-03-19 14:00:00,Pass,2.69,Active
238,ANALYZER_CHEM_01,11,20240320,2024-03-20 11:00:00,Fail,3.98,Active
239,ANALYZER_HEMA_02,9,20240320,2024-03-20 08:00:00,Pass,3.11,Active
240,ANALYZER_IMMUNO_03,18,20240320,2024-03-20 13:00:00,Fail,2.79,Active
241,ANALYZER_CHEM_01,2,20240321,2024-03-21 10:00:00,Pass,2.21,Active
242,ANALYZER_HEMA_02,9,20240321,2024-03-21 18:00:00,Pass,4.30,Active
243,ANALYZER_IMMUNO_03,4,20240321,2024-03-21 15:00:00,Pass,4.00,Active
244,ANALYZER_CHEM_01,1,20240322,2024-03-22 07:00:00,Pass,3.56,Active
245,ANALYZER_HEMA_02,9,20240322,2024-03-22 14:00:00,Fail,0.50,Active
246,ANALYZER_IMMUNO_03,20,20240322,2024-03-22 16:00:00,Fail,1.18,Active
247,ANALYZER_CHEM_01,14,20240323,2024-03-23 16:00:00,Fail,3.13,Active
248,ANALYZER_HEMA_02,9,20240323,2024-03-23 06:00:00,Pass,1.42,Active
249,ANALYZER_IMMUNO_03,4,20240323,2024-03-23 15:00:00,Pass,4.07,Active
250,ANALYZER_CHEM_01,16,20240324,2024-03-24 09:00:00,Fail,3.81,Active
251,ANALYZER_HEMA_02,19,20240324,2024-03-24 17:00:00,Pass,0.64,Active
252,ANALYZER_IMMUNO_03,7,20240324,2024-03-24 07:00:00,Fail,1.57,Active
253,ANALYZER_CHEM_01,15,20240325,2024-03-25 11:00:00,Fail,0.65,Active
254,ANALYZER_HEMA_02,19,20240325,2024-03-25 08:00:00,Fail,3.70,Active
255,ANALYZER_IMMUNO_03,17,20240325,2024-03-25 13:00:00,Pass,2.73,Active
256,ANALYZER_CHEM_01,19,20240326,2024-03-26 15:00:00,Pass,2.62,Active
257,ANALYZER_HEMA_02,19,20240326,2024-03-26 11:00:00,Pass,2.18,Active
258,ANALYZER_IMMUNO_03,4,20240326,2024-03-26 17:00:00,Pass,2.13,Active
259,ANALYZER_CHEM_01,2,20240327,2024-03-27 06:00:00,Fail,1.98,Active
260,ANALYZER_HEMA_02,9,20240327,2024-03-27 09:00:00,Pass,4.00,Active
261,ANALYZER_IMMUNO_03,20,20240327,2024-03-27 17:00:00,Pass,2.73,Active
262,ANALYZER_CHEM_01,11,20240328,2024-03-28 17:00:00,Pass,0.57,Active
263,ANALYZER_HEMA_02,9,20240328,2024-03-28 10:00:00,Fail,3.10,Active
264,ANALYZER_IMMUNO_03,18,20240328,2024-03-28 13:00:00,Pass,2.27,Active
265,ANALYZER_CHEM_01,19,20240329,2024-03-29 18:00:00,Fail,1.10,Active
266,ANALYZER_HEMA_02,9,20240329,2024-03-29 13:00:00,Fail,2.13,Active
267,ANALYZER_IMMUNO_03,7,20240329,2024-03-29 18:00:00,Pass,3.33,Active
268,ANALYZER_CHEM_01,16,20240330,2024-03-30 15:00:00,Pass,0.69,Active
269,ANALYZER_HEMA_02,9,20240330,2024-03-30 08:00:00,Fail,3.40,Active
270,ANALYZER_IMMUNO_03,12,20240330,2024-03-30 07:00:00,Pass,2.85,Active
271,ANALYZER_CHEM_01,15,20240331,2024-03-31 17:00:00,Fail,2.28,Active
272,ANALYZER_HEMA_02,19,20240331,2024-03-31 15:00:00,Pass,0.52,Active
273,ANALYZER_IMMUNO_03,7,20240331,2024-03-31 14:00:00,Fail,3.56,Active
274,ANALYZER_CHEM_01,19,20240401,2024-04-01 06:00:00,Pass,3.80,Active
275,ANALYZER_HEMA_02,19,20240401,2024-04-01 07:00:00,Pass,2.63,Active
276,ANALYZER_IMMUNO_03,20,20240401,2024-04-01 12:00:00,Pass,0.57,Active
277,ANALYZER_CHEM_01,2,20240402,2024-04-02 10:00:00,Pass,3.56,Active
278,ANALYZER_HEMA_02,19,20240402,2024-04-02 17:00:00,Pass,1.50,Active
279,ANALYZER_IMMUNO_03,4,20240402,2024-04-02 07:00:00,Fail,1.07,Active
280,ANALYZER_CHEM_01,14,20240403,2024-04-03 07:00:00,Pass,1.24,Active
281,ANALYZER_HEMA_02,19,20240403,2024-04-03 10:00:00,Fail,2.47,Active
282,ANALYZER_IMMUNO_03,7,20240403,2024-04-03 14:00:00,Fail,3.03,Active
283,ANALYZER_CHEM_01,3,20240404,2024-04-04 07:00:00,Pass,0.69,Active
284,ANALYZER_HEMA_02,9,20240404,2024-04-04 11:00:00,Fail,3.31,Active
285,ANALYZER_IMMUNO_03,7,20240404,2024-04-04 18:00:00,Fail,1.39,Active
286,ANALYZER_CHEM_01,1,20240405,2024-04-05 15:00:00,Fail,2.83,Active
287,ANALYZER_HEMA_02,19,20240405,2024-04-05 16:00:00,Fail,1.26,Active
288,ANALYZER_IMMUNO_03,10,20240405,2024-04-05 08:00:00,Fail,4.38,Active
289,ANALYZER_CHEM_01,3,20240406,2024-04-06 15:00:00,Fail,2.66,Active
290,ANALYZER_HEMA_02,19,20240406,2024-04-06 18:00:00,Fail,4.50,Active
291,ANALYZER_IMMUNO_03,18,20240406,2024-04-06 15:00:00,Fail,2.67,Active
292,ANALYZER_CHEM_01,19,20240407,2024-04-07 10:00:00,Fail,4.09,Active
293,ANALYZER_HEMA_02,19,20240407,2024-04-07 18:00:00,Fail,1.37,Active
294,ANALYZER_IMMUNO_03,17,20240407,2024-04-07 13:00:00,Pass,2.42,Active
295,ANALYZER_CHEM_01,1,20240408,2024-04-08 07:00:00,Pass,1.74,Active
296,ANALYZER_HEMA_02,19,20240408,2024-04-08 07:00:00,Pass,4.11,Active
297,ANALYZER_IMMUNO_03,4,20240408,2024-04-08 17:00:00,Pass,3.57,Active
298,ANALYZER_CHEM_01,15,20240409,2024-04-09 07:00:00,Fail,2.47,Active
299,ANALYZER_HEMA_02,9,20240409,2024-04-09 15:00:00,Pass,2.31,Active
300,ANALYZER_IMMUNO_03,17,20240409,2024-04-09 10:00:00,Pass,1.23,Active
301,ANALYZER_CHEM_01,11,20240410,2024-04-10 17:00:00,Pass,2.92,Active
302,ANALYZER_HEMA_02,9,20240410,2024-04-10 13:00:00,Fail,2.59,Active
303,ANALYZER_IMMUNO_03,4,20240410,2024-04-10 06:00:00,Fail,3.97,Active
304,ANALYZER_CHEM_01,3,20240411,2024-04-11 13:00:00,Pass,3.87,Active
305,ANALYZER_HEMA_02,9,20240411,2024-04-11 13:00:00,Fail,4.14,Active
306,ANALYZER_IMMUNO_03,18,20240411,2024-04-11 12:00:00,Fail,3.48,Active
307,ANALYZER_CHEM_01,16,20240412,2024-04-12 10:00:00,Pass,3.24,Active
308,ANALYZER_HEMA_02,9,20240412,2024-04-12 18:00:00,Fail,3.03,Active
309,ANALYZER_IMMUNO_03,7,20240412,2024-04-12 13:00:00,Pass,4.32,Active
310,ANALYZER_CHEM_01,16,20240413,2024-04-13 06:00:00,Pass,0.70,Active
311,ANALYZER_HEMA_02,19,20240413,2024-04-13 11:00:00,Fail,0.58,Active
312,ANALYZER_IMMUNO_03,17,20240413,2024-04-13 06:00:00,Fail,3.57,Active
313,ANALYZER_CHEM_01,14,20240414,2024-04-14 11:00:00,Pass,1.05,Active
314,ANALYZER_HEMA_02,19,20240414,2024-04-14 16:00:00,Pass,4.29,Active
315,ANALYZER_IMMUNO_03,12,20240414,2024-04-14 14:00:00,Fail,3.20,Active
316,ANALYZER_CHEM_01,15,20240415,2024-04-15 15:00:00,Fail,0.95,Active
317,ANALYZER_HEMA_02,19,20240415,2024-04-15 10:00:00,Pass,1.52,Active
318,ANALYZER_IMMUNO_03,4,20240415,2024-04-15 15:00:00,Pass,2.57,Active
319,ANALYZER_CHEM_01,19,20240416,2024-04-16 18:00:00,Pass,3.50,Active
320,ANALYZER_HEMA_02,9,20240416,2024-04-16 07:00:00,Fail,1.84,Active
321,ANALYZER_IMMUNO_03,17,20240416,2024-04-16 11:00:00,Fail,1.82,Active
322,ANALYZER_CHEM_01,14,20240417,2024-04-17 14:00:00,Pass,4.13,Active
323,ANALYZER_HEMA_02,9,20240417,2024-04-17 17:00:00,Fail,2.75,Active
324,ANALYZER_IMMUNO_03,10,20240417,2024-04-17 17:00:00,Pass,1.04,Active
325,ANALYZER_CHEM_01,3,20240418,2024-04-18 10:00:00,Pass,1.72,Active
326,ANALYZER_HEMA_02,9,20240418,2024-04-18 14:00:00,Fail,2.58,Active
327,ANALYZER_IMMUNO_03,7,20240418,2024-04-18 13:00:00,Fail,3.58,Active
328,ANALYZER_CHEM_01,19,20240419,2024-04-19 17:00:00,Pass,0.63,Active
329,ANALYZER_HEMA_02,9,20240419,2024-04-19 07:00:00,Fail,3.28,Active
330,ANALYZER_IMMUNO_03,17,20240419,2024-04-19 17:00:00,Fail,2.52,Active
331,ANALYZER_CHEM_01,2,20240420,2024-04-20 17:00:00,Pass,1.92,Active
332,ANALYZER_HEMA_02,9,20240420,2024-04-20 06:00:00,Pass,1.02,Active
333,ANALYZER_IMMUNO_03,4,20240420,2024-04-20 10:00:00,Fail,0.71,Active
334,ANALYZER_CHEM_01,19,20240421,2024-04-21 16:00:00,Fail,3.57,Active
335,ANALYZER_HEMA_02,9,20240421,2024-04-21 08:00:00,Fail,2.88,Active
336,ANALYZER_IMMUNO_03,10,20240421,2024-04-21 12:00:00,Pass,3.16,Active
337,ANALYZER_CHEM_01,19,20240422,2024-04-22 14:00:00,Pass,4.16,Active
338,ANALYZER_HEMA_02,9,20240422,2024-04-22 13:00:00,Fail,1.99,Active
339,ANALYZER_IMMUNO_03,17,20240422,2024-04-22 06:00:00,Pass,1.17,Active
340,ANALYZER_CHEM_01,2,20240423,2024-04-23 17:00:00,Pass,1.18,Active
341,ANALYZER_HEMA_02,9,20240423,2024-04-23 13:00:00,Pass,1.50,Active
342,ANALYZER_IMMUNO_03,17,20240423,2024-04-23 16:00:00,Fail,3.45,Active
343,ANALYZER_CHEM_01,2,20240424,2024-04-24 13:00:00,Fail,2.93,Active
344,ANALYZER_HEMA_02,9,20240424,2024-04-24 09:00:00,Fail,1.86,Active
345,ANALYZER_IMMUNO_03,10,20240424,2024-04-24 07:00:00,Fail,2.19,Active
346,ANALYZER_CHEM_01,16,20240425,2024-04-25 09:00:00,Pass,0.64,Active
347,ANALYZER_HEMA_02,9,20240425,2024-04-25 09:00:00,Pass,4.27,Active
348,ANALYZER_IMMUNO_03,17,20240425,2024-04-25 06:00:00,Fail,2.38,Active
349,ANALYZER_CHEM_01,2,20240426,2024-04-26 18:00:00,Pass,2.48,Active
350,ANALYZER_HEMA_02,9,20240426,2024-04-26 09:00:00,Fail,1.41,Active
351,ANALYZER_IMMUNO_03,7,20240426,2024-04-26 06:00:00,Fail,2.21,Active
352,ANALYZER_CHEM_01,3,20240427,2024-04-27 16:00:00,Fail,2.13,Active
353,ANALYZER_HEMA_02,9,20240427,2024-04-27 10:00:00,Pass,3.34,Active
354,ANALYZER_IMMUNO_03,10,20240427,2024-04-27 11:00:00,Pass,1.18,Active
355,ANALYZER_CHEM_01,2,20240428,2024-04-28 16:00:00,Fail,1.41,Active
356,ANALYZER_HEMA_02,19,20240428,2024-04-28 10:00:00,Fail,3.02,Active
357,ANALYZER_IMMUNO_03,20,20240428,2024-04-28 08:00:00,Fail,0.72,Active
358,ANALYZER_CHEM_01,15,20240429,2024-04-29 12:00:00,Fail,4.11,Active
359,ANALYZER_HEMA_02,19,20240429,2024-04-29 16:00:00,Fail,2.21,Active
360,ANALYZER_IMMUNO_03,4,20240429,2024-04-29 11:00:00,Fail,0.79,Active
361,ANALYZER_CHEM_01,11,20240430,2024-04-30 14:00:00,Pass,3.06,Active
362,ANALYZER_HEMA_02,9,20240430,2024-04-30 13:00:00,Fail,3.40,Active
363,ANALYZER_IMMUNO_03,4,20240430,2024-04-30 09:00:00,Fail,1.48,Active
364,ANALYZER_CHEM_01,11,20240501,2024-05-01 18:00:00,Fail,1.21,Active
365,ANALYZER_HEMA_02,9,20240501,2024-05-01 12:00:00,Pass,1.31,Active
366,ANALYZER_IMMUNO_03,12,20240501,2024-05-01 08:00:00,Fail,3.36,Active
367,ANALYZER_CHEM_01,15,20240502,2024-05-02 09:00:00,Fail,1.70,Active
368,ANALYZER_HEMA_02,19,20240502,2024-05-02 18:00:00,Fail,4.03,Active
369,ANALYZER_IMMUNO_03,18,20240502,2024-05-02 06:00:00,Pass,3.97,Active
370,ANALYZER_CHEM_01,3,20240503,2024-05-03 07:00:00,Fail,3.80,Active
371,ANALYZER_HEMA_02,19,20240503,2024-05-03 15:00:00,Pass,1.38,Active
372,ANALYZER_IMMUNO_03,20,20240503,2024-05-03 17:00:00,Pass,0.85,Active
373,ANALYZER_CHEM_01,14,20240504,2024-05-04 06:00:00,Pass,0.74,Active
374,ANALYZER_HEMA_02,19,20240504,2024-05-04 08:00:00,Pass,2.35,Active
375,ANALYZER_IMMUNO_03,4,20240504,2024-05-04 14:00:00,Pass,0.95,Active
376,ANALYZER_CHEM_01,11,20240505,2024-05-05 15:00:00,Fail,0.69,Active
377,ANALYZER_HEMA_02,19,20240505,2024-05-05 06:00:00,Pass,3.94,Active
378,ANALYZER_IMMUNO_03,17,20240505,2024-05-05 12:00:00,Fail,1.33,Active
379,ANALYZER_CHEM_01,11,20240506,2024-05-06 14:00:00,Pass,3.99,Active
380,ANALYZER_HEMA_02,9,20240506,2024-05-06 18:00:00,Fail,1.19,Active
381,ANALYZER_IMMUNO_03,17,20240506,2024-05-06 06:00:00,Fail,2.32,Active
382,ANALYZER_CHEM_01,3,20240507,2024-05-07 07:00:00,Fail,3.05,Active
383,ANALYZER_HEMA_02,9,20240507,2024-05-07 13:00:00,Fail,1.18,Active
384,ANALYZER_IMMUNO_03,10,20240507,2024-05-07 11:00:00,Fail,2.78,Active
385,ANALYZER_CHEM_01,16,20240508,2024-05-08 16:00:00,Fail,2.49,Active
386,ANALYZER_HEMA_02,9,20240508,2024-05-08 12:00:00,Fail,0.65,Active
387,ANALYZER_IMMUNO_03,17,20240508,2024-05-08 06:00:00,Pass,0.82,Active
388,ANALYZER_CHEM_01,2,20240509,2024-05-09 10:00:00,Fail,4.05,Active
389,ANALYZER_HEMA_02,9,20240509,2024-05-09 13:00:00,Fail,3.50,Active
390,ANALYZER_IMMUNO_03,12,20240509,2024-05-09 15:00:00,Pass,3.22,Active
391,ANALYZER_CHEM_01,14,20240510,2024-05-10 14:00:00,Pass,0.79,Active
392,ANALYZER_HEMA_02,9,20240510,2024-05-10 06:00:00,Pass,3.84,Active
393,ANALYZER_IMMUNO_03,7,20240510,2024-05-10 07:00:00,Fail,3.27,Active
394,ANALYZER_CHEM_01,14,20240511,2024-05-11 14:00:00,Fail,0.90,Active
395,ANALYZER_HEMA_02,9,20240511,2024-05-11 11:00:00,Fail,3.21,Active
396,ANALYZER_IMMUNO_03,17,20240511,2024-05-11 15:00:00,Fail,1.81,Active
397,ANALYZER_CHEM_01,2,20240512,2024-05-12 11:00:00,Pass,3.57,Active
398,ANALYZER_HEMA_02,19,20240512,2024-05-12 08:00:00,Fail,3.41,Active
399,ANALYZER_IMMUNO_03,10,20240512,2024-05-12 15:00:00,Fail,1.19,Active
400,ANALYZER_CHEM_01,16,20240513,2024-05-13 09:00:00,Fail,4.48,Active
401,ANALYZER_HEMA_02,9,20240513,2024-05-13 10:00:00,Pass,1.36,Active
402,ANALYZER_IMMUNO_03,4,20240513,2024-05-13 07:00:00,Fail,0.53,Active
403,ANALYZER_CHEM_01,19,20240514,2024-05-14 07:00:00,Pass,1.12,Active
404,ANALYZER_HEMA_02,9,20240514,2024-05-14 06:00:00,Pass,2.60,Active
405,ANALYZER_IMMUNO_03,12,20240514,2024-05-14 14:00:00,Fail,3.95,Active
406,ANALYZER_CHEM_01,1,20240515,2024-05-15 12:00:00,Fail,1.08,Active
407,ANALYZER_HEMA_02,19,20240515,2024-05-15 17:00:00,Pass,1.89,Active
408,ANALYZER_IMMUNO_03,7,20240515,2024-05-15 08:00:00,Fail,0.52,Active
409,ANALYZER_CHEM_01,19,20240516,2024-05-16 18:00:00,Pass,2.19,Active
410,ANALYZER_HEMA_02,9,20240516,2024-05-16 15:00:00,Pass,2.50,Active
411,ANALYZER_IMMUNO_03,4,20240516,2024-05-16 06:00:00,Pass,1.02,Active
412,ANALYZER_CHEM_01,3,20240517,2024-05-17 16:00:00,Fail,2.19,Active
413,ANALYZER_HEMA_02,9,20240517,2024-05-17 14:00:00,Fail,0.83,Active
414,ANALYZER_IMMUNO_03,10,20240517,2024-05-17 16:00:00,Pass,4.41,Active
415,ANALYZER_CHEM_01,3,20240518,2024-05-18 16:00:00,Pass,1.38,Active
416,ANALYZER_HEMA_02,9,20240518,2024-05-18 12:00:00,Fail,3.98,Active
417,ANALYZER_IMMUNO_03,18,20240518,2024-05-18 10:00:00,Pass,3.36,Active
418,ANALYZER_CHEM_01,2,20240519,2024-05-19 17:00:00,Pass,3.51,Active
419,ANALYZER_HEMA_02,19,20240519,2024-05-19 15:00:00,Fail,4.46,Active
420,ANALYZER_IMMUNO_03,4,20240519,2024-05-19 07:00:00,Pass,2.40,Active
421,ANALYZER_CHEM_01,16,20240520,2024-05-20 14:00:00,Fail,2.33,Active
422,ANALYZER_HEMA_02,19,20240520,2024-05-20 11:00:00,Fail,3.92,Active
423,ANALYZER_IMMUNO_03,7,20240520,2024-05-20 08:00:00,Fail,0.53,Active
424,ANALYZER_CHEM_01,14,20240521,2024-05-21 07:00:00,Pass,2.68,Active
425,ANALYZER_HEMA_02,9,20240521,2024-05-21 13:00:00,Pass,0.76,Active
426,ANALYZER_IMMUNO_03,17,20240521,2024-05-21 08:00:00,Fail,0.92,Active
427,ANALYZER_CHEM_01,2,20240522,2024-05-22 08:00:00,Fail,2.15,Active
428,ANALYZER_HEMA_02,19,20240522,2024-05-22 10:00:00,Pass,3.97,Active
429,ANALYZER_IMMUNO_03,17,20240522,2024-05-22 10:00:00,Fail,3.00,Active
430,ANALYZER_CHEM_01,2,20240523,2024-05-23 14:00:00,Fail,2.28,Active
431,ANALYZER_HEMA_02,9,20240523,2024-05-23 15:00:00,Pass,3.22,Active
432,ANALYZER_IMMUNO_03,10,20240523,2024-05-23 15:00:00,Pass,3.04,Active
433,ANALYZER_CHEM_01,11,20240524,2024-05-24 13:00:00,Pass,4.12,Active
434,ANALYZER_HEMA_02,19,20240524,2024-05-24 18:00:00,Fail,3.99,Active
435,ANALYZER_IMMUNO_03,12,20240524,2024-05-24 09:00:00,Pass,0.80,Active
436,ANALYZER_CHEM_01,1,20240525,2024-05-25 12:00:00,Pass,1.07,Active
437,ANALYZER_HEMA_02,9,20240525,2024-05-25 06:00:00,Pass,2.89,Active
438,ANALYZER_IMMUNO_03,18,20240525,2024-05-25 18:00:00,Fail,0.93,Active
439,ANALYZER_CHEM_01,1,20240526,2024-05-26 17:00:00,Pass,4.44,Active
440,ANALYZER_HEMA_02,19,20240526,2024-05-26 09:00:00,Fail,2.45,Active
441,ANALYZER_IMMUNO_03,10,20240526,2024-05-26 09:00:00,Fail,1.96,Active
442,ANALYZER_CHEM_01,2,20240527,2024-05-27 17:00:00,Pass,1.49,Active
443,ANALYZER_HEMA_02,19,20240527,2024-05-27 13:00:00,Pass,1.76,Active
444,ANALYZER_IMMUNO_03,12,20240527,2024-05-27 10:00:00,Fail,3.10,Active
445,ANALYZER_CHEM_01,14,20240528,2024-05-28 13:00:00,Pass,0.72,Active
446,ANALYZER_HEMA_02,19,20240528,2024-05-28 18:00:00,Pass,2.35,Active
447,ANALYZER_IMMUNO_03,17,20240528,2024-05-28 12:00:00,Fail,3.20,Active
448,ANALYZER_CHEM_01,3,20240529,2024-05-29 06:00:00,Fail,1.25,Active
449,ANALYZER_HEMA_02,19,20240529,2024-05-29 18:00:00,Pass,0.59,Active
450,ANALYZER_IMMUNO_03,4,20240529,2024-05-29 13:00:00,Fail,1.10,Active
451,ANALYZER_CHEM_01,1,20240530,2024-05-30 12:00:00,Pass,1.35,Active
452,ANALYZER_HEMA_02,19,20240530,2024-05-30 11:00:00,Fail,3.14,Active
453,ANALYZER_IMMUNO_03,12,20240530,2024-05-30 17:00:00,Fail,2.98,Active
454,ANALYZER_CHEM_01,1,20240531,2024-05-31 10:00:00,Pass,3.07,Active
455,ANALYZER_HEMA_02,9,20240531,2024-05-31 07:00:00,Pass,4.13,Active
456,ANALYZER_IMMUNO_03,20,20240531,2024-05-31 08:00:00,Pass,1.94,Active
457,ANALYZER_CHEM_01,16,20240601,2024-06-01 16:00:00,Fail,0.73,Active
458,ANALYZER_HEMA_02,19,20240601,2024-06-01 18:00:00,Fail,3.25,Active
459,ANALYZER_IMMUNO_03,10,20240601,2024-06-01 10:00:00,Pass,3.17,Active
460,ANALYZER_CHEM_01,3,20240602,2024-06-02 07:00:00,Fail,3.88,Active
461,ANALYZER_HEMA_02,19,20240602,2024-06-02 10:00:00,Pass,2.94,Active
462,ANALYZER_IMMUNO_03,17,20240602,2024-06-02 08:00:00,Fail,3.19,Active
463,ANALYZER_CHEM_01,2,20240603,2024-06-03 16:00:00,Fail,3.28,Active
464,ANALYZER_HEMA_02,19,20240603,2024-06-03 11:00:00,Pass,3.06,Active
465,ANALYZER_IMMUNO_03,18,20240603,2024-06-03 12:00:00,Fail,3.05,Active
466,ANALYZER_CHEM_01,11,20240604,2024-06-04 13:00:00,Fail,1.26,Active
467,ANALYZER_HEMA_02,9,20240604,2024-06-04 16:00:00,Pass,2.62,Active
468,ANALYZER_IMMUNO_03,12,20240604,2024-06-04 14:00:00,Fail,3.69,Active
469,ANALYZER_CHEM_01,16,20240605,2024-06-05 10:00:00,Pass,2.95,Active
470,ANALYZER_HEMA_02,9,20240605,2024-06-05 18:00:00,Fail,3.37,Active
471,ANALYZER_IMMUNO_03,10,20240605,2024-06-05 07:00:00,Pass,2.77,Active
472,ANALYZER_CHEM_01,19,20240606,2024-06-06 09:00:00,Pass,3.28,Active
473,ANALYZER_HEMA_02,19,20240606,2024-06-06 14:00:00,Fail,2.69,Active
474,ANALYZER_IMMUNO_03,7,20240606,2024-06-06 09:00:00,Pass,2.06,Active
475,ANALYZER_CHEM_01,11,20240607,2024-06-07 14:00:00,Fail,2.54,Active
476,ANALYZER_HEMA_02,19,20240607,2024-06-07 14:00:00,Fail,2.08,Active
477,ANALYZER_IMMUNO_03,17,20240607,2024-06-07 09:00:00,Fail,4.29,Active
478,ANALYZER_CHEM_01,14,20240608,2024-06-08 07:00:00,Fail,4.06,Active
479,ANALYZER_HEMA_02,19,20240608,2024-06-08 08:00:00,Fail,3.68,Active
480,ANALYZER_IMMUNO_03,4,20240608,2024-06-08 18:00:00,Fail,1.15,Active
481,ANALYZER_CHEM_01,19,20240609,2024-06-09 12:00:00,Fail,2.05,Active
482,ANALYZER_HEMA_02,9,20240609,2024-06-09 18:00:00,Fail,1.74,Active
483,ANALYZER_IMMUNO_03,18,20240609,2024-06-09 13:00:00,Pass,0.91,Active
484,ANALYZER_CHEM_01,16,20240610,2024-06-10 17:00:00,Pass,3.50,Active
485,ANALYZER_HEMA_02,9,20240610,2024-06-10 17:00:00,Pass,2.27,Active
486,ANALYZER_IMMUNO_03,18,20240610,2024-06-10 10:00:00,Pass,0.63,Active
487,ANALYZER_CHEM_01,11,20240611,2024-06-11 17:00:00,Fail,0.89,Active
488,ANALYZER_HEMA_02,9,20240611,2024-06-11 18:00:00,Pass,4.10,Active
489,ANALYZER_IMMUNO_03,18,20240611,2024-06-11 09:00:00,Pass,2.04,Active
490,ANALYZER_CHEM_01,2,20240612,2024-06-12 18:00:00,Pass,1.33,Active
491,ANALYZER_HEMA_02,19,20240612,2024-06-12 10:00:00,Fail,0.86,Active
492,ANALYZER_IMMUNO_03,10,20240612,2024-06-12 08:00:00,Pass,1.33,Active
493,ANALYZER_CHEM_01,19,20240613,2024-06-13 12:00:00,Fail,1.50,Active
494,ANALYZER_HEMA_02,9,20240613,2024-06-13 12:00:00,Fail,0.51,Active
495,ANALYZER_IMMUNO_03,7,20240613,2024-06-13 09:00:00,Pass,1.10,Active
496,ANALYZER_CHEM_01,14,20240614,2024-06-14 13:00:00,Fail,1.67,Active
497,ANALYZER_HEMA_02,9,20240614,2024-06-14 15:00:00,Pass,1.21,Active
498,ANALYZER_IMMUNO_03,10,20240614,2024-06-14 16:00:00,Fail,2.39,Active
499,ANALYZER_CHEM_01,1,20240615,2024-06-15 18:00:00,Fail,0.64,Active
500,ANALYZER_HEMA_02,9,20240615,2024-06-15 06:00:00,Fail,1.91,Active
501,ANALYZER_IMMUNO_03,10,20240615,2024-06-15 14:00:00,Pass,1.57,Active
502,ANALYZER_CHEM_01,11,20240616,2024-06-16 06:00:00,Pass,3.39,Active
503,ANALYZER_HEMA_02,9,20240616,2024-06-16 12:00:00,Fail,1.50,Active
504,ANALYZER_IMMUNO_03,17,20240616,2024-06-16 10:00:00,Pass,2.45,Active
505,ANALYZER_CHEM_01,3,20240617,2024-06-17 12:00:00,Pass,2.93,Active
506,ANALYZER_HEMA_02,9,20240617,2024-06-17 16:00:00,Pass,3.90,Active
507,ANALYZER_IMMUNO_03,18,20240617,2024-06-17 10:00:00,Pass,4.35,Active
508,ANALYZER_CHEM_01,3,20240618,2024-06-18 06:00:00,Fail,1.05,Active
509,ANALYZER_HEMA_02,19,20240618,2024-06-18 06:00:00,Fail,1.02,Active
510,ANALYZER_IMMUNO_03,17,20240618,2024-06-18 15:00:00,Pass,4.38,Active
511,ANALYZER_CHEM_01,11,20240619,2024-06-19 09:00:00,Pass,0.84,Active
512,ANALYZER_HEMA_02,19,20240619,2024-06-19 14:00:00,Fail,4.09,Active
513,ANALYZER_IMMUNO_03,7,20240619,2024-06-19 08:00:00,Fail,0.83,Active
514,ANALYZER_CHEM_01,19,20240620,2024-06-20 13:00:00,Pass,3.73,Active
515,ANALYZER_HEMA_02,19,20240620,2024-06-20 18:00:00,Fail,2.62,Active
516,ANALYZER_IMMUNO_03,18,20240620,2024-06-20 14:00:00,Fail,1.36,Active
517,ANALYZER_CHEM_01,1,20240621,2024-06-21 15:00:00,Pass,2.21,Active
518,ANALYZER_HEMA_02,9,20240621,2024-06-21 07:00:00,Fail,3.10,Active
519,ANALYZER_IMMUNO_03,20,20240621,2024-06-21 08:00:00,Fail,4.42,Active
520,ANALYZER_CHEM_01,2,20240622,2024-06-22 15:00:00,Pass,1.65,Active
521,ANALYZER_HEMA_02,9,20240622,2024-06-22 09:00:00,Pass,3.97,Active
522,ANALYZER_IMMUNO_03,18,20240622,2024-06-22 17:00:00,Pass,2.24,Active
523,ANALYZER_CHEM_01,15,20240623,2024-06-23 10:00:00,Pass,2.17,Active
524,ANALYZER_HEMA_02,9,20240623,2024-06-23 11:00:00,Pass,1.25,Active
525,ANALYZER_IMMUNO_03,10,20240623,2024-06-23 09:00:00,Pass,1.69,Active
526,ANALYZER_CHEM_01,19,20240624,2024-06-24 11:00:00,Fail,1.74,Active
527,ANALYZER_HEMA_02,19,20240624,2024-06-24 15:00:00,Pass,4.25,Active
528,ANALYZER_IMMUNO_03,12,20240624,2024-06-24 14:00:00,Fail,4.48,Active
529,ANALYZER_CHEM_01,11,20240625,2024-06-25 09:00:00,Fail,1.01,Active
530,ANALYZER_HEMA_02,9,20240625,2024-06-25 18:00:00,Pass,3.75,Active
531,ANALYZER_IMMUNO_03,18,20240625,2024-06-25 18:00:00,Pass,3.31,Active
532,ANALYZER_CHEM_01,16,20240626,2024-06-26 11:00:00,Fail,2.39,Active
533,ANALYZER_HEMA_02,9,20240626,2024-06-26 15:00:00,Fail,3.76,Active
534,ANALYZER_IMMUNO_03,17,20240626,2024-06-26 10:00:00,Fail,1.93,Active
535,ANALYZER_CHEM_01,14,20240627,2024-06-27 07:00:00,Fail,1.91,Active
536,ANALYZER_HEMA_02,9,20240627,2024-06-27 07:00:00,Pass,2.25,Active
537,ANALYZER_IMMUNO_03,12,20240627,2024-06-27 15:00:00,Pass,0.74,Active
538,ANALYZER_CHEM_01,16,20240628,2024-06-28 11:00:00,Fail,1.91,Active
539,ANALYZER_HEMA_02,19,20240628,2024-06-28 10:00:00,Pass,4.13,Active
540,ANALYZER_IMMUNO_03,12,20240628,2024-06-28 12:00:00,Pass,2.10,Active
541,ANALYZER_CHEM_01,15,20240629,2024-06-29 12:00:00,Fail,2.29,Active
542,ANALYZER_HEMA_02,9,20240629,2024-06-29 08:00:00,Fail,3.90,Active
543,ANALYZER_IMMUNO_03,10,20240629,2024-06-29 07:00:00,Pass,2.51,Active
544,ANALYZER_CHEM_01,11,20240630,2024-06-30 07:00:00,Fail,4.03,Active
545,ANALYZER_HEMA_02,19,20240630,2024-06-30 06:00:00,Pass,3.67,Active
546,ANALYZER_IMMUNO_03,17,20240630,2024-06-30 08:00:00,Fail,2.41,Active
547,ANALYZER_CHEM_01,14,20240701,2024-07-01 08:00:00,Fail,1.81,Active
548,ANALYZER_HEMA_02,9,20240701,2024-07-01 18:00:00,Pass,2.96,Active
549,ANALYZER_IMMUNO_03,12,20240701,2024-07-01 07:00:00,Fail,3.55,Active
550,ANALYZER_CHEM_01,16,20240702,2024-07-02 12:00:00,Pass,3.17,Active
551,ANALYZER_HEMA_02,9,20240702,2024-07-02 06:00:00,Fail,2.36,Active
552,ANALYZER_IMMUNO_03,18,20240702,2024-07-02 15:00:00,Pass,0.62,Active
553,ANALYZER_CHEM_01,16,20240703,2024-07-03 18:00:00,Fail,3.50,Active
554,ANALYZER_HEMA_02,9,20240703,2024-07-03 13:00:00,Fail,1.63,Active
555,ANALYZER_IMMUNO_03,10,20240703,2024-07-03 07:00:00,Fail,3.96,Active
556,ANALYZER_CHEM_01,14,20240704,2024-07-04 09:00:00,Pass,3.23,Active
557,ANALYZER_HEMA_02,19,20240704,2024-07-04 17:00:00,Fail,2.93,Active
558,ANALYZER_IMMUNO_03,18,20240704,2024-07-04 11:00:00,Fail,2.79,Active
559,ANALYZER_CHEM_01,3,20240705,2024-07-05 17:00:00,Pass,2.90,Active
560,ANALYZER_HEMA_02,9,20240705,2024-07-05 15:00:00,Pass,3.62,Active
561,ANALYZER_IMMUNO_03,10,20240705,2024-07-05 14:00:00,Pass,1.35,Active
562,ANALYZER_CHEM_01,16,20240706,2024-07-06 15:00:00,Fail,1.99,Active
563,ANALYZER_HEMA_02,9,20240706,2024-07-06 13:00:00,Fail,3.62,Active
564,ANALYZER_IMMUNO_03,12,20240706,2024-07-06 08:00:00,Fail,3.15,Active
565,ANALYZER_CHEM_01,11,20240707,2024-07-07 07:00:00,Fail,2.50,Active
566,ANALYZER_HEMA_02,19,20240707,2024-07-07 14:00:00,Fail,1.43,Active
567,ANALYZER_IMMUNO_03,20,20240707,2024-07-07 12:00:00,Pass,0.68,Active
568,ANALYZER_CHEM_01,11,20240708,2024-07-08 10:00:00,Pass,3.68,Active
569,ANALYZER_HEMA_02,9,20240708,2024-07-08 09:00:00,Fail,3.81,Active
570,ANALYZER_IMMUNO_03,7,20240708,2024-07-08 07:00:00,Pass,2.04,Active
571,ANALYZER_CHEM_01,15,20240709,2024-07-09 18:00:00,Pass,0.80,Active
572,ANALYZER_HEMA_02,9,20240709,2024-07-09 06:00:00,Pass,2.94,Active
573,ANALYZER_IMMUNO_03,12,20240709,2024-07-09 14:00:00,Fail,2.81,Active
574,ANALYZER_CHEM_01,14,20240710,2024-07-10 18:00:00,Pass,1.08,Active
575,ANALYZER_HEMA_02,9,20240710,2024-07-10 10:00:00,Pass,2.00,Active
576,ANALYZER_IMMUNO_03,18,20240710,2024-07-10 07:00:00,Fail,3.37,Active
577,ANALYZER_CHEM_01,19,20240711,2024-07-11 18:00:00,Fail,2.84,Active
578,ANALYZER_HEMA_02,9,20240711,2024-07-11 11:00:00,Fail,3.42,Active
579,ANALYZER_IMMUNO_03,7,20240711,2024-07-11 14:00:00,Pass,1.59,Active
580,ANALYZER_CHEM_01,11,20240712,2024-07-12 07:00:00,Pass,4.38,Active
581,ANALYZER_HEMA_02,19,20240712,2024-07-12 18:00:00,Fail,2.70,Active
582,ANALYZER_IMMUNO_03,18,20240712,2024-07-12 13:00:00,Pass,2.33,Active
583,ANALYZER_CHEM_01,19,20240713,2024-07-13 06:00:00,Fail,1.04,Active
584,ANALYZER_HEMA_02,19,20240713,2024-07-13 17:00:00,Fail,3.27,Active
585,ANALYZER_IMMUNO_03,10,20240713,2024-07-13 09:00:00,Fail,2.01,Active
586,ANALYZER_CHEM_01,11,20240714,2024-07-14 13:00:00,Pass,1.69,Active
587,ANALYZER_HEMA_02,9,20240714,2024-07-14 18:00:00,Fail,2.42,Active
588,ANALYZER_IMMUNO_03,4,20240714,2024-07-14 16:00:00,Fail,3.92,Active
589,ANALYZER_CHEM_01,2,20240715,2024-07-15 17:00:00,Pass,3.68,Active
590,ANALYZER_HEMA_02,9,20240715,2024-07-15 14:00:00,Fail,1.18,Active
591,ANALYZER_IMMUNO_03,10,20240715,2024-07-15 18:00:00,Fail,4.22,Active
592,ANALYZER_CHEM_01,11,20240716,2024-07-16 11:00:00,Pass,2.75,Active
593,ANALYZER_HEMA_02,19,20240716,2024-07-16 08:00:00,Fail,3.57,Active
594,ANALYZER_IMMUNO_03,7,20240716,2024-07-16 10:00:00,Fail,4.27,Active
595,ANALYZER_CHEM_01,15,20240717,2024-07-17 15:00:00,Pass,0.97,Active
596,ANALYZER_HEMA_02,19,20240717,2024-07-17 13:00:00,Fail,2.89,Active
597,ANALYZER_IMMUNO_03,12,20240717,2024-07-17 11:00:00,Pass,3.15,Active
598,ANALYZER_CHEM_01,16,20240718,2024-07-18 12:00:00,Pass,1.28,Active
599,ANALYZER_HEMA_02,9,20240718,2024-07-18 16:00:00,Fail,0.90,Active
600,ANALYZER_IMMUNO_03,12,20240718,2024-07-18 09:00:00,Pass,4.27,Active
601,ANALYZER_CHEM_01,2,20240719,2024-07-19 06:00:00,Pass,1.84,Active
602,ANALYZER_HEMA_02,19,20240719,2024-07-19 10:00:00,Pass,3.86,Active
603,ANALYZER_IMMUNO_03,12,20240719,2024-07-19 09:00:00,Fail,4.28,Active
604,ANALYZER_CHEM_01,11,20240720,2024-07-20 18:00:00,Pass,2.59,Active
605,ANALYZER_HEMA_02,19,20240720,2024-07-20 13:00:00,Fail,2.11,Active
606,ANALYZER_IMMUNO_03,4,20240720,2024-07-20 15:00:00,Pass,1.82,Active
607,ANALYZER_CHEM_01,15,20240721,2024-07-21 17:00:00,Fail,1.45,Active
608,ANALYZER_HEMA_02,9,20240721,2024-07-21 07:00:00,Fail,4.22,Active
609,ANALYZER_IMMUNO_03,20,20240721,2024-07-21 06:00:00,Pass,3.25,Active
610,ANALYZER_CHEM_01,16,20240722,2024-07-22 10:00:00,Pass,4.04,Active
611,ANALYZER_HEMA_02,9,20240722,2024-07-22 15:00:00,Pass,2.92,Active
612,ANALYZER_IMMUNO_03,10,20240722,2024-07-22 09:00:00,Fail,2.33,Active
613,ANALYZER_CHEM_01,19,20240723,2024-07-23 08:00:00,Fail,1.61,Active
614,ANALYZER_HEMA_02,19,20240723,2024-07-23 15:00:00,Pass,2.12,Active
615,ANALYZER_IMMUNO_03,10,20240723,2024-07-23 18:00:00,Pass,0.91,Active
616,ANALYZER_CHEM_01,3,20240724,2024-07-24 17:00:00,Pass,3.05,Active
617,ANALYZER_HEMA_02,19,20240724,2024-07-24 12:00:00,Fail,0.70,Active
618,ANALYZER_IMMUNO_03,4,20240724,2024-07-24 15:00:00,Fail,1.61,Active
619,ANALYZER_CHEM_01,11,20240725,2024-07-25 13:00:00,Pass,0.63,Active
620,ANALYZER_HEMA_02,19,20240725,2024-07-25 17:00:00,Fail,2.40,Active
621,ANALYZER_IMMUNO_03,4,20240725,2024-07-25 15:00:00,Fail,1.86,Active
622,ANALYZER_CHEM_01,2,20240726,2024-07-26 10:00:00,Pass,2.63,Active
623,ANALYZER_HEMA_02,9,20240726,2024-07-26 15:00:00,Fail,4.14,Active
624,ANALYZER_IMMUNO_03,4,20240726,2024-07-26 13:00:00,Pass,2.96,Active
625,ANALYZER_CHEM_01,19,20240727,2024-07-27 17:00:00,Fail,2.72,Active
626,ANALYZER_HEMA_02,9,20240727,2024-07-27 11:00:00,Fail,1.35,Active
627,ANALYZER_IMMUNO_03,18,20240727,2024-07-27 18:00:00,Fail,3.45,Active
628,ANALYZER_CHEM_01,3,20240728,2024-07-28 13:00:00,Pass,1.81,Active
629,ANALYZER_HEMA_02,19,20240728,2024-07-28 06:00:00,Fail,0.62,Active
630,ANALYZER_IMMUNO_03,20,20240728,2024-07-28 14:00:00,Fail,1.84,Active
631,ANALYZER_CHEM_01,2,20240729,2024-07-29 11:00:00,Pass,1.16,Active
632,ANALYZER_HEMA_02,9,20240729,2024-07-29 12:00:00,Fail,4.20,Active
633,ANALYZER_IMMUNO_03,12,20240729,2024-07-29 12:00:00,Fail,3.58,Active
634,ANALYZER_CHEM_01,16,20240730,2024-07-30 12:00:00,Pass,3.53,Active
635,ANALYZER_HEMA_02,9,20240730,2024-07-30 13:00:00,Pass,2.43,Active
636,ANALYZER_IMMUNO_03,4,20240730,2024-07-30 11:00:00,Fail,2.23,Active
637,ANALYZER_CHEM_01,11,20240731,2024-07-31 15:00:00,Pass,3.58,Active
638,ANALYZER_HEMA_02,9,20240731,2024-07-31 14:00:00,Fail,2.08,Active
639,ANALYZER_IMMUNO_03,10,20240731,2024-07-31 15:00:00,Fail,2.91,Active
640,ANALYZER_CHEM_01,14,20240801,2024-08-01 17:00:00,Fail,3.15,Active
641,ANALYZER_HEMA_02,9,20240801,2024-08-01 15:00:00,Pass,2.43,Active
642,ANALYZER_IMMUNO_03,12,20240801,2024-08-01 08:00:00,Fail,2.62,Active
643,ANALYZER_CHEM_01,16,20240802,2024-08-02 17:00:00,Fail,3.87,Active
644,ANALYZER_HEMA_02,9,20240802,2024-08-02 15:00:00,Pass,2.65,Active
645,ANALYZER_IMMUNO_03,20,20240802,2024-08-02 12:00:00,Fail,3.48,Active
646,ANALYZER_CHEM_01,1,20240803,2024-08-03 16:00:00,Pass,1.09,Active
647,ANALYZER_HEMA_02,9,20240803,2024-08-03 09:00:00,Pass,1.96,Active
648,ANALYZER_IMMUNO_03,17,20240803,2024-08-03 14:00:00,Pass,3.08,Active
649,ANALYZER_CHEM_01,3,20240804,2024-08-04 18:00:00,Fail,3.02,Active
650,ANALYZER_HEMA_02,9,20240804,2024-08-04 06:00:00,Fail,2.26,Active
651,ANALYZER_IMMUNO_03,7,20240804,2024-08-04 15:00:00,Pass,3.91,Active
652,ANALYZER_CHEM_01,14,20240805,2024-08-05 16:00:00,Fail,2.33,Active
653,ANALYZER_HEMA_02,19,20240805,2024-08-05 13:00:00,Pass,1.02,Active
654,ANALYZER_IMMUNO_03,4,20240805,2024-08-05 06:00:00,Fail,3.36,Active
655,ANALYZER_CHEM_01,14,20240806,2024-08-06 18:00:00,Pass,3.40,Active
656,ANALYZER_HEMA_02,9,20240806,2024-08-06 06:00:00,Fail,1.37,Active
657,ANALYZER_IMMUNO_03,20,20240806,2024-08-06 12:00:00,Pass,1.69,Active
658,ANALYZER_CHEM_01,16,20240807,2024-08-07 16:00:00,Fail,0.96,Active
659,ANALYZER_HEMA_02,9,20240807,2024-08-07 17:00:00,Fail,3.85,Active
660,ANALYZER_IMMUNO_03,4,20240807,2024-08-07 11:00:00,Pass,1.58,Active
661,ANALYZER_CHEM_01,1,20240808,2024-08-08 11:00:00,Pass,1.68,Active
662,ANALYZER_HEMA_02,19,20240808,2024-08-08 18:00:00,Pass,1.73,Active
663,ANALYZER_IMMUNO_03,10,20240808,2024-08-08 09:00:00,Fail,4.39,Active
664,ANALYZER_CHEM_01,16,20240809,2024-08-09 18:00:00,Fail,2.29,Active
665,ANALYZER_HEMA_02,9,20240809,2024-08-09 16:00:00,Fail,3.37,Active
666,ANALYZER_IMMUNO_03,17,20240809,2024-08-09 13:00:00,Fail,2.13,Active
667,ANALYZER_CHEM_01,3,20240810,2024-08-10 14:00:00,Pass,4.16,Active
668,ANALYZER_HEMA_02,19,20240810,2024-08-10 18:00:00,Pass,0.68,Active
669,ANALYZER_IMMUNO_03,4,20240810,2024-08-10 08:00:00,Pass,0.78,Active
670,ANALYZER_CHEM_01,3,20240811,2024-08-11 17:00:00,Fail,2.54,Active
671,ANALYZER_HEMA_02,19,20240811,2024-08-11 12:00:00,Fail,4.09,Active
672,ANALYZER_IMMUNO_03,17,20240811,2024-08-11 12:00:00,Pass,1.12,Active
673,ANALYZER_CHEM_01,3,20240812,2024-08-12 12:00:00,Pass,4.03,Active
674,ANALYZER_HEMA_02,19,20240812,2024-08-12 11:00:00,Fail,4.35,Active
675,ANALYZER_IMMUNO_03,17,20240812,2024-08-12 18:00:00,Fail,4.25,Active
676,ANALYZER_CHEM_01,11,20240813,2024-08-13 14:00:00,Pass,3.82,Active
677,ANALYZER_HEMA_02,19,20240813,2024-08-13 09:00:00,Fail,1.51,Active
678,ANALYZER_IMMUNO_03,10,20240813,2024-08-13 10:00:00,Fail,4.19,Active
679,ANALYZER_CHEM_01,15,20240814,2024-08-14 15:00:00,Pass,1.44,Active
680,ANALYZER_HEMA_02,9,20240814,2024-08-14 14:00:00,Pass,2.35,Active
681,ANALYZER_IMMUNO_03,18,20240814,2024-08-14 11:00:00,Pass,3.53,Active
682,ANALYZER_CHEM_01,2,20240815,2024-08-15 07:00:00,Fail,3.34,Active
683,ANALYZER_HEMA_02,19,20240815,2024-08-15 07:00:00,Pass,4.26,Active
684,ANALYZER_IMMUNO_03,20,20240815,2024-08-15 08:00:00,Pass,3.54,Active
685,ANALYZER_CHEM_01,2,20240816,2024-08-16 10:00:00,Fail,2.06,Active
686,ANALYZER_HEMA_02,19,20240816,2024-08-16 06:00:00,Pass,4.07,Active
687,ANALYZER_IMMUNO_03,12,20240816,2024-08-16 07:00:00,Pass,3.45,Active
688,ANALYZER_CHEM_01,2,20240817,2024-08-17 14:00:00,Fail,1.73,Active
689,ANALYZER_HEMA_02,9,20240817,2024-08-17 07:00:00,Pass,2.84,Active
690,ANALYZER_IMMUNO_03,7,20240817,2024-08-17 12:00:00,Fail,1.11,Active
691,ANALYZER_CHEM_01,2,20240818,2024-08-18 12:00:00,Pass,2.29,Active
692,ANALYZER_HEMA_02,19,20240818,2024-08-18 14:00:00,Fail,4.17,Active
693,ANALYZER_IMMUNO_03,10,20240818,2024-08-18 08:00:00,Pass,4.03,Active
694,ANALYZER_CHEM_01,3,20240819,2024-08-19 07:00:00,Fail,2.14,Active
695,ANALYZER_HEMA_02,19,20240819,2024-08-19 15:00:00,Fail,0.84,Active
696,ANALYZER_IMMUNO_03,20,20240819,2024-08-19 08:00:00,Pass,1.16,Active
697,ANALYZER_CHEM_01,16,20240820,2024-08-20 14:00:00,Pass,1.21,Active
698,ANALYZER_HEMA_02,9,20240820,2024-08-20 15:00:00,Pass,3.83,Active
699,ANALYZER_IMMUNO_03,17,20240820,2024-08-20 17:00:00,Fail,2.34,Active
700,ANALYZER_CHEM_01,19,20240821,2024-08-21 10:00:00,Fail,0.66,Active
701,ANALYZER_HEMA_02,19,20240821,2024-08-21 15:00:00,Fail,3.86,Active
702,ANALYZER_IMMUNO_03,12,20240821,2024-08-21 08:00:00,Pass,2.74,Active
703,ANALYZER_CHEM_01,11,20240822,2024-08-22 08:00:00,Pass,2.66,Active
704,ANALYZER_HEMA_02,19,20240822,2024-08-22 16:00:00,Fail,4.17,Active
705,ANALYZER_IMMUNO_03,17,20240822,2024-08-22 14:00:00,Fail,0.95,Active
706,ANALYZER_CHEM_01,15,20240823,2024-08-23 14:00:00,Pass,0.84,Active
707,ANALYZER_HEMA_02,9,20240823,2024-08-23 14:00:00,Fail,3.64,Active
708,ANALYZER_IMMUNO_03,20,20240823,2024-08-23 07:00:00,Fail,2.84,Active
709,ANALYZER_CHEM_01,3,20240824,2024-08-24 11:00:00,Pass,1.55,Active
710,ANALYZER_HEMA_02,9,20240824,2024-08-24 07:00:00,Fail,3.49,Active
711,ANALYZER_IMMUNO_03,10,20240824,2024-08-24 13:00:00,Fail,0.60,Active
712,ANALYZER_CHEM_01,14,20240825,2024-08-25 08:00:00,Pass,1.99,Active
713,ANALYZER_HEMA_02,19,20240825,2024-08-25 14:00:00,Pass,3.58,Active
714,ANALYZER_IMMUNO_03,7,20240825,2024-08-25 15:00:00,Fail,4.30,Active
715,ANALYZER_CHEM_01,3,20240826,2024-08-26 16:00:00,Pass,3.42,Active
716,ANALYZER_HEMA_02,19,20240826,2024-08-26 12:00:00,Pass,1.15,Active
717,ANALYZER_IMMUNO_03,17,20240826,2024-08-26 06:00:00,Fail,2.87,Active
718,ANALYZER_CHEM_01,15,20240827,2024-08-27 07:00:00,Pass,2.63,Active
719,ANALYZER_HEMA_02,9,20240827,2024-08-27 06:00:00,Pass,1.06,Active
720,ANALYZER_IMMUNO_03,18,20240827,2024-08-27 11:00:00,Pass,2.13,Active
721,ANALYZER_CHEM_01,11,20240828,2024-08-28 09:00:00,Pass,4.11,Active
722,ANALYZER_HEMA_02,9,20240828,2024-08-28 10:00:00,Pass,0.89,Active
723,ANALYZER_IMMUNO_03,18,20240828,2024-08-28 17:00:00,Fail,3.82,Active
724,ANALYZER_CHEM_01,1,20240829,2024-08-29 06:00:00,Fail,1.77,Active
725,ANALYZER_HEMA_02,19,20240829,2024-08-29 07:00:00,Pass,3.86,Active
726,ANALYZER_IMMUNO_03,4,20240829,2024-08-29 08:00:00,Fail,0.51,Active
727,ANALYZER_CHEM_01,14,20240830,2024-08-30 15:00:00,Fail,1.92,Active
728,ANALYZER_HEMA_02,19,20240830,2024-08-30 12:00:00,Pass,2.09,Active
729,ANALYZER_IMMUNO_03,10,20240830,2024-08-30 06:00:00,Fail,4.41,Active
730,ANALYZER_CHEM_01,14,20240831,2024-08-31 08:00:00,Pass,0.66,Active
731,ANALYZER_HEMA_02,19,20240831,2024-08-31 08:00:00,Fail,2.29,Active
732,ANALYZER_IMMUNO_03,4,20240831,2024-08-31 13:00:00,Fail,4.09,Active
733,ANALYZER_CHEM_01,14,20240901,2024-09-01 14:00:00,Fail,1.88,Active
734,ANALYZER_HEMA_02,9,20240901,2024-09-01 13:00:00,Fail,2.61,Active
735,ANALYZER_IMMUNO_03,7,20240901,2024-09-01 17:00:00,Pass,2.65,Active
736,ANALYZER_CHEM_01,15,20240902,2024-09-02 13:00:00,Fail,1.49,Active
737,ANALYZER_HEMA_02,9,20240902,2024-09-02 13:00:00,Pass,1.62,Active
738,ANALYZER_IMMUNO_03,4,20240902,2024-09-02 06:00:00,Fail,1.54,Active
739,ANALYZER_CHEM_01,14,20240903,2024-09-03 12:00:00,Fail,4.38,Active
740,ANALYZER_HEMA_02,9,20240903,2024-09-03 06:00:00,Fail,1.65,Active
741,ANALYZER_IMMUNO_03,17,20240903,2024-09-03 13:00:00,Pass,2.00,Active
742,ANALYZER_CHEM_01,15,20240904,2024-09-04 06:00:00,Fail,1.71,Active
743,ANALYZER_HEMA_02,9,20240904,2024-09-04 10:00:00,Fail,2.54,Active
744,ANALYZER_IMMUNO_03,18,20240904,2024-09-04 18:00:00,Fail,1.04,Active
745,ANALYZER_CHEM_01,16,20240905,2024-09-05 06:00:00,Pass,2.98,Active
746,ANALYZER_HEMA_02,19,20240905,2024-09-05 10:00:00,Pass,2.63,Active
747,ANALYZER_IMMUNO_03,17,20240905,2024-09-05 16:00:00,Fail,3.07,Active
748,ANALYZER_CHEM_01,15,20240906,2024-09-06 09:00:00,Fail,1.15,Active
749,ANALYZER_HEMA_02,9,20240906,2024-09-06 10:00:00,Pass,0.89,Active
750,ANALYZER_IMMUNO_03,10,20240906,2024-09-06 09:00:00,Fail,4.02,Active
751,ANALYZER_CHEM_01,19,20240907,2024-09-07 12:00:00,Fail,2.56,Active
752,ANALYZER_HEMA_02,9,20240907,2024-09-07 07:00:00,Pass,0.85,Active
753,ANALYZER_IMMUNO_03,18,20240907,2024-09-07 15:00:00,Pass,2.17,Active
754,ANALYZER_CHEM_01,11,20240908,2024-09-08 07:00:00,Pass,0.86,Active
755,ANALYZER_HEMA_02,19,20240908,2024-09-08 14:00:00,Pass,1.02,Active
756,ANALYZER_IMMUNO_03,10,20240908,2024-09-08 16:00:00,Pass,1.81,Active
757,ANALYZER_CHEM_01,2,20240909,2024-09-09 08:00:00,Fail,1.10,Active
758,ANALYZER_HEMA_02,19,20240909,2024-09-09 08:00:00,Pass,3.65,Active
759,ANALYZER_IMMUNO_03,12,20240909,2024-09-09 14:00:00,Fail,0.68,Active
760,ANALYZER_CHEM_01,19,20240910,2024-09-10 10:00:00,Fail,4.37,Active
761,ANALYZER_HEMA_02,9,20240910,2024-09-10 08:00:00,Fail,3.10,Active
762,ANALYZER_IMMUNO_03,18,20240910,2024-09-10 16:00:00,Fail,4.14,Active
763,ANALYZER_CHEM_01,11,20240911,2024-09-11 07:00:00,Fail,1.52,Active
764,ANALYZER_HEMA_02,9,20240911,2024-09-11 14:00:00,Pass,3.70,Active
765,ANALYZER_IMMUNO_03,10,20240911,2024-09-11 07:00:00,Pass,1.24,Active
766,ANALYZER_CHEM_01,16,20240912,2024-09-12 11:00:00,Pass,1.63,Active
767,ANALYZER_HEMA_02,9,20240912,2024-09-12 07:00:00,Fail,1.03,Active
768,ANALYZER_IMMUNO_03,18,20240912,2024-09-12 06:00:00,Fail,4.24,Active
769,ANALYZER_CHEM_01,11,20240913,2024-09-13 07:00:00,Pass,0.70,Active
770,ANALYZER_HEMA_02,9,20240913,2024-09-13 13:00:00,Pass,4.27,Active
771,ANALYZER_IMMUNO_03,18,20240913,2024-09-13 18:00:00,Fail,4.40,Active
772,ANALYZER_CHEM_01,16,20240914,2024-09-14 11:00:00,Pass,3.44,Active
773,ANALYZER_HEMA_02,19,20240914,2024-09-14 16:00:00,Pass,3.36,Active
774,ANALYZER_IMMUNO_03,18,20240914,2024-09-14 13:00:00,Fail,2.51,Active
775,ANALYZER_CHEM_01,15,20240915,2024-09-15 08:00:00,Pass,2.01,Active
776,ANALYZER_HEMA_02,19,20240915,2024-09-15 12:00:00,Pass,2.13,Active
777,ANALYZER_IMMUNO_03,18,20240915,2024-09-15 11:00:00,Pass,1.36,Active
778,ANALYZER_CHEM_01,15,20240916,2024-09-16 15:00:00,Fail,1.64,Active
779,ANALYZER_HEMA_02,9,20240916,2024-09-16 18:00:00,Fail,2.46,Active
780,ANALYZER_IMMUNO_03,18,20240916,2024-09-16 07:00:00,Fail,2.73,Active
781,ANALYZER_CHEM_01,2,20240917,2024-09-17 13:00:00,Fail,2.98,Active
782,ANALYZER_HEMA_02,19,20240917,2024-09-17 09:00:00,Pass,3.08,Active
783,ANALYZER_IMMUNO_03,18,20240917,2024-09-17 13:00:00,Pass,1.97,Active
784,ANALYZER_CHEM_01,1,20240918,2024-09-18 14:00:00,Fail,4.37,Active
785,ANALYZER_HEMA_02,19,20240918,2024-09-18 15:00:00,Fail,1.28,Active
786,ANALYZER_IMMUNO_03,10,20240918,2024-09-18 10:00:00,Fail,1.61,Active
787,ANALYZER_CHEM_01,11,20240919,2024-09-19 13:00:00,Fail,0.92,Active
788,ANALYZER_HEMA_02,19,20240919,2024-09-19 18:00:00,Fail,3.03,Active
789,ANALYZER_IMMUNO_03,20,20240919,2024-09-19 15:00:00,Pass,1.33,Active
790,ANALYZER_CHEM_01,1,20240920,2024-09-20 06:00:00,Fail,3.95,Active
791,ANALYZER_HEMA_02,9,20240920,2024-09-20 10:00:00,Fail,3.02,Active
792,ANALYZER_IMMUNO_03,7,20240920,2024-09-20 13:00:00,Fail,4.40,Active
793,ANALYZER_CHEM_01,3,20240921,2024-09-21 10:00:00,Fail,1.99,Active
794,ANALYZER_HEMA_02,9,20240921,2024-09-21 11:00:00,Pass,2.34,Active
795,ANALYZER_IMMUNO_03,10,20240921,2024-09-21 13:00:00,Fail,3.56,Active
796,ANALYZER_CHEM_01,15,20240922,2024-09-22 16:00:00,Pass,0.97,Active
797,ANALYZER_HEMA_02,19,20240922,2024-09-22 14:00:00,Pass,2.43,Active
798,ANALYZER_IMMUNO_03,7,20240922,2024-09-22 06:00:00,Pass,3.69,Active
799,ANALYZER_CHEM_01,19,20240923,2024-09-23 07:00:00,Fail,3.16,Active
800,ANALYZER_HEMA_02,9,20240923,2024-09-23 16:00:00,Fail,0.50,Active
801,ANALYZER_IMMUNO_03,7,20240923,2024-09-23 18:00:00,Fail,3.20,Active
802,ANALYZER_CHEM_01,19,20240924,2024-09-24 17:00:00,Fail,1.27,Active
803,ANALYZER_HEMA_02,19,20240924,2024-09-24 16:00:00,Pass,3.42,Active
804,ANALYZER_IMMUNO_03,10,20240924,2024-09-24 07:00:00,Fail,3.55,Active
805,ANALYZER_CHEM_01,16,20240925,2024-09-25 12:00:00,Fail,3.68,Active
806,ANALYZER_HEMA_02,9,20240925,2024-09-25 12:00:00,Pass,4.13,Active
807,ANALYZER_IMMUNO_03,4,20240925,2024-09-25 11:00:00,Fail,2.52,Active
808,ANALYZER_CHEM_01,15,20240926,2024-09-26 06:00:00,Pass,2.51,Active
809,ANALYZER_HEMA_02,9,20240926,2024-09-26 16:00:00,Fail,4.21,Active
810,ANALYZER_IMMUNO_03,18,20240926,2024-09-26 07:00:00,Fail,3.16,Active
811,ANALYZER_CHEM_01,19,20240927,2024-09-27 07:00:00,Fail,3.56,Active
812,ANALYZER_HEMA_02,19,20240927,2024-09-27 17:00:00,Pass,2.27,Active
813,ANALYZER_IMMUNO_03,12,20240927,2024-09-27 14:00:00,Fail,0.98,Active
814,ANALYZER_CHEM_01,15,20240928,2024-09-28 12:00:00,Fail,2.44,Active
815,ANALYZER_HEMA_02,19,20240928,2024-09-28 18:00:00,Pass,0.51,Active
816,ANALYZER_IMMUNO_03,7,20240928,2024-09-28 16:00:00,Fail,1.65,Active
817,ANALYZER_CHEM_01,14,20240929,2024-09-29 15:00:00,Pass,1.51,Active
818,ANALYZER_HEMA_02,9,20240929,2024-09-29 16:00:00,Fail,2.28,Active
819,ANALYZER_IMMUNO_03,20,20240929,2024-09-29 08:00:00,Pass,4.42,Active
820,ANALYZER_CHEM_01,15,20240930,2024-09-30 12:00:00,Fail,2.55,Active
821,ANALYZER_HEMA_02,9,20240930,2024-09-30 12:00:00,Pass,0.74,Active
822,ANALYZER_IMMUNO_03,18,20240930,2024-09-30 07:00:00,Fail,0.93,Active
823,ANALYZER_CHEM_01,14,20241001,2024-10-01 10:00:00,Fail,0.57,Active
824,ANALYZER_HEMA_02,19,20241001,2024-10-01 11:00:00,Fail,1.13,Active
825,ANALYZER_IMMUNO_03,4,20241001,2024-10-01 14:00:00,Pass,1.60,Active
826,ANALYZER_CHEM_01,19,20241002,2024-10-02 14:00:00,Fail,1.17,Active
827,ANALYZER_HEMA_02,19,20241002,2024-10-02 18:00:00,Pass,1.06,Active
828,ANALYZER_IMMUNO_03,7,20241002,2024-10-02 06:00:00,Pass,1.44,Active
829,ANALYZER_CHEM_01,1,20241003,2024-10-03 15:00:00,Pass,1.88,Active
830,ANALYZER_HEMA_02,9,20241003,2024-10-03 08:00:00,Pass,2.59,Active
831,ANALYZER_IMMUNO_03,20,20241003,2024-10-03 17:00:00,Fail,3.18,Active
832,ANALYZER_CHEM_01,3,20241004,2024-10-04 15:00:00,Fail,3.74,Active
833,ANALYZER_HEMA_02,9,20241004,2024-10-04 06:00:00,Fail,3.56,Active
834,ANALYZER_IMMUNO_03,18,20241004,2024-10-04 09:00:00,Pass,0.73,Active
835,ANALYZER_CHEM_01,2,20241005,2024-10-05 17:00:00,Fail,3.63,Active
836,ANALYZER_HEMA_02,19,20241005,2024-10-05 18:00:00,Fail,0.98,Active
837,ANALYZER_IMMUNO_03,12,20241005,2024-10-05 18:00:00,Fail,4.42,Active
838,ANALYZER_CHEM_01,16,20241006,2024-10-06 14:00:00,Fail,2.42,Active
839,ANALYZER_HEMA_02,19,20241006,2024-10-06 08:00:00,Fail,3.34,Active
840,ANALYZER_IMMUNO_03,18,20241006,2024-10-06 13:00:00,Fail,3.99,Active
841,ANALYZER_CHEM_01,3,20241007,2024-10-07 11:00:00,Fail,2.03,Active
842,ANALYZER_HEMA_02,9,20241007,2024-10-07 14:00:00,Fail,3.62,Active
843,ANALYZER_IMMUNO_03,10,20241007,2024-10-07 18:00:00,Pass,1.59,Active
844,ANALYZER_CHEM_01,1,20241008,2024-10-08 13:00:00,Fail,4.43,Active
845,ANALYZER_HEMA_02,19,20241008,2024-10-08 16:00:00,Pass,2.51,Active
846,ANALYZER_IMMUNO_03,17,20241008,2024-10-08 13:00:00,Fail,2.11,Active
847,ANALYZER_CHEM_01,2,20241009,2024-10-09 17:00:00,Pass,0.54,Active
848,ANALYZER_HEMA_02,19,20241009,2024-10-09 13:00:00,Pass,3.64,Active
849,ANALYZER_IMMUNO_03,10,20241009,2024-10-09 09:00:00,Fail,3.02,Active
850,ANALYZER_CHEM_01,15,20241010,2024-10-10 08:00:00,Pass,1.99,Active
851,ANALYZER_HEMA_02,9,20241010,2024-10-10 17:00:00,Fail,1.95,Active
852,ANALYZER_IMMUNO_03,17,20241010,2024-10-10 11:00:00,Pass,2.39,Active
853,ANALYZER_CHEM_01,19,20241011,2024-10-11 16:00:00,Pass,2.97,Active
854,ANALYZER_HEMA_02,19,20241011,2024-10-11 15:00:00,Pass,4.04,Active
855,ANALYZER_IMMUNO_03,12,20241011,2024-10-11 10:00:00,Fail,0.98,Active
856,ANALYZER_CHEM_01,19,20241012,2024-10-12 09:00:00,Fail,0.75,Active
857,ANALYZER_HEMA_02,9,20241012,2024-10-12 12:00:00,Pass,3.39,Active
858,ANALYZER_IMMUNO_03,17,20241012,2024-10-12 13:00:00,Fail,1.78,Active
859,ANALYZER_CHEM_01,1,20241013,2024-10-13 10:00:00,Fail,4.09,Active
860,ANALYZER_HEMA_02,19,20241013,2024-10-13 07:00:00,Fail,2.68,Active
861,ANALYZER_IMMUNO_03,7,20241013,2024-10-13 16:00:00,Pass,2.65,Active
862,ANALYZER_CHEM_01,16,20241014,2024-10-14 16:00:00,Fail,1.31,Active
863,ANALYZER_HEMA_02,19,20241014,2024-10-14 10:00:00,Fail,4.22,Active
864,ANALYZER_IMMUNO_03,7,20241014,2024-10-14 16:00:00,Fail,4.15,Active
865,ANALYZER_CHEM_01,16,20241015,2024-10-15 16:00:00,Fail,1.33,Active
866,ANALYZER_HEMA_02,19,20241015,2024-10-15 15:00:00,Pass,0.80,Active
867,ANALYZER_IMMUNO_03,17,20241015,2024-10-15 06:00:00,Pass,2.67,Active
868,ANALYZER_CHEM_01,19,20241016,2024-10-16 16:00:00,Pass,4.03,Active
869,ANALYZER_HEMA_02,19,20241016,2024-10-16 16:00:00,Pass,0.86,Active
870,ANALYZER_IMMUNO_03,10,20241016,2024-10-16 10:00:00,Fail,3.15,Active
871,ANALYZER_CHEM_01,14,20241017,2024-10-17 09:00:00,Fail,4.19,Active
872,ANALYZER_HEMA_02,9,20241017,2024-10-17 07:00:00,Fail,4.36,Active
873,ANALYZER_IMMUNO_03,18,20241017,2024-10-17 17:00:00,Fail,1.40,Active
874,ANALYZER_CHEM_01,3,20241018,2024-10-18 14:00:00,Pass,2.60,Active
875,ANALYZER_HEMA_02,9,20241018,2024-10-18 12:00:00,Pass,2.73,Active
876,ANALYZER_IMMUNO_03,7,20241018,2024-10-18 12:00:00,Fail,0.89,Active
877,ANALYZER_CHEM_01,1,20241019,2024-10-19 12:00:00,Fail,1.23,Active
878,ANALYZER_HEMA_02,19,20241019,2024-10-19 06:00:00,Fail,2.44,Active
879,ANALYZER_IMMUNO_03,12,20241019,2024-10-19 14:00:00,Fail,4.36,Active
880,ANALYZER_CHEM_01,15,20241020,2024-10-20 07:00:00,Fail,1.72,Active
881,ANALYZER_HEMA_02,9,20241020,2024-10-20 10:00:00,Fail,0.68,Active
882,ANALYZER_IMMUNO_03,20,20241020,2024-10-20 11:00:00,Fail,0.87,Active
883,ANALYZER_CHEM_01,16,20241021,2024-10-21 11:00:00,Fail,3.41,Active
884,ANALYZER_HEMA_02,9,20241021,2024-10-21 10:00:00,Pass,2.63,Active
885,ANALYZER_IMMUNO_03,20,20241021,2024-10-21 15:00:00,Pass,3.29,Active
886,ANALYZER_CHEM_01,15,20241022,2024-10-22 16:00:00,Pass,1.60,Active
887,ANALYZER_HEMA_02,19,20241022,2024-10-22 06:00:00,Fail,2.50,Active
888,ANALYZER_IMMUNO_03,7,20241022,2024-10-22 11:00:00,Pass,2.22,Active
889,ANALYZER_CHEM_01,2,20241023,2024-10-23 07:00:00,Pass,1.61,Active
890,ANALYZER_HEMA_02,9,20241023,2024-10-23 09:00:00,Pass,0.72,Active
891,ANALYZER_IMMUNO_03,17,20241023,2024-10-23 12:00:00,Fail,1.84,Active
892,ANALYZER_CHEM_01,2,20241024,2024-10-24 08:00:00,Fail,2.48,Active
893,ANALYZER_HEMA_02,9,20241024,2024-10-24 12:00:00,Fail,3.28,Active
894,ANALYZER_IMMUNO_03,12,20241024,2024-10-24 16:00:00,Fail,4.15,Active
895,ANALYZER_CHEM_01,14,20241025,2024-10-25 18:00:00,Pass,2.97,Active
896,ANALYZER_HEMA_02,9,20241025,2024-10-25 07:00:00,Fail,4.44,Active
897,ANALYZER_IMMUNO_03,18,20241025,2024-10-25 15:00:00,Fail,2.37,Active
898,ANALYZER_CHEM_01,11,20241026,2024-10-26 13:00:00,Fail,3.24,Active
899,ANALYZER_HEMA_02,9,20241026,2024-10-26 13:00:00,Pass,2.81,Active
900,ANALYZER_IMMUNO_03,12,20241026,2024-10-26 10:00:00,Fail,4.41,Active
901,ANALYZER_CHEM_01,3,20241027,2024-10-27 17:00:00,Pass,4.47,Active
902,ANALYZER_HEMA_02,9,20241027,2024-10-27 07:00:00,Fail,1.21,Active
903,ANALYZER_IMMUNO_03,12,20241027,2024-10-27 15:00:00,Fail,2.27,Active
904,ANALYZER_CHEM_01,19,20241028,2024-10-28 08:00:00,Fail,3.84,Active
905,ANALYZER_HEMA_02,19,20241028,2024-10-28 07:00:00,Fail,2.21,Active
906,ANALYZER_IMMUNO_03,18,20241028,2024-10-28 11:00:00,Pass,2.76,Active
907,ANALYZER_CHEM_01,2,20241029,2024-10-29 09:00:00,Pass,1.01,Active
908,ANALYZER_HEMA_02,9,20241029,2024-10-29 15:00:00,Fail,1.71,Active
909,ANALYZER_IMMUNO_03,12,20241029,2024-10-29 18:00:00,Fail,2.04,Active
910,ANALYZER_CHEM_01,1,20241030,2024-10-30 09:00:00,Fail,3.54,Active
911,ANALYZER_HEMA_02,19,20241030,2024-10-30 10:00:00,Pass,3.60,Active
912,ANALYZER_IMMUNO_03,20,20241030,2024-10-30 11:00:00,Fail,4.14,Active
913,ANALYZER_CHEM_01,14,20241031,2024-10-31 14:00:00,Pass,2.87,Active
914,ANALYZER_HEMA_02,19,20241031,2024-10-31 14:00:00,Fail,4.05,Active
915,ANALYZER_IMMUNO_03,7,20241031,2024-10-31 07:00:00,Pass,3.32,Active
916,ANALYZER_CHEM_01,14,20241101,2024-11-01 11:00:00,Pass,0.77,Active
917,ANALYZER_HEMA_02,9,20241101,2024-11-01 07:00:00,Fail,3.64,Active
918,ANALYZER_IMMUNO_03,4,20241101,2024-11-01 18:00:00,Fail,3.10,Active
919,ANALYZER_CHEM_01,14,20241102,2024-11-02 11:00:00,Pass,3.37,Active
920,ANALYZER_HEMA_02,9,20241102,2024-11-02 09:00:00,Fail,2.57,Active
921,ANALYZER_IMMUNO_03,20,20241102,2024-11-02 16:00:00,Fail,0.60,Active
922,ANALYZER_CHEM_01,15,20241103,2024-11-03 18:00:00,Fail,2.87,Active
923,ANALYZER_HEMA_02,19,20241103,2024-11-03 07:00:00,Fail,1.10,Active
924,ANALYZER_IMMUNO_03,12,20241103,2024-11-03 13:00:00,Fail,3.14,Active
925,ANALYZER_CHEM_01,11,20241104,2024-11-04 16:00:00,Pass,0.62,Active
926,ANALYZER_HEMA_02,9,20241104,2024-11-04 09:00:00,Pass,4.34,Active
927,ANALYZER_IMMUNO_03,20,20241104,2024-11-04 10:00:00,Pass,2.59,Active
928,ANALYZER_CHEM_01,3,20241105,2024-11-05 17:00:00,Fail,1.64,Active
929,ANALYZER_HEMA_02,19,20241105,2024-11-05 10:00:00,Fail,2.16,Active
930,ANALYZER_IMMUNO_03,7,20241105,2024-11-05 13:00:00,Pass,0.65,Active
931,ANALYZER_CHEM_01,2,20241106,2024-11-06 16:00:00,Fail,3.93,Active
932,ANALYZER_HEMA_02,19,20241106,2024-11-06 16:00:00,Fail,3.36,Active
933,ANALYZER_IMMUNO_03,4,20241106,2024-11-06 15:00:00,Fail,2.80,Active
934,ANALYZER_CHEM_01,15,20241107,2024-11-07 12:00:00,Fail,2.27,Active
935,ANALYZER_HEMA_02,9,20241107,2024-11-07 18:00:00,Pass,1.55,Active
936,ANALYZER_IMMUNO_03,4,20241107,2024-11-07 18:00:00,Pass,3.41,Active
937,ANALYZER_CHEM_01,2,20241108,2024-11-08 10:00:00,Pass,3.72,Active
938,ANALYZER_HEMA_02,19,20241108,2024-11-08 16:00:00,Fail,1.61,Active
939,ANALYZER_IMMUNO_03,7,20241108,2024-11-08 16:00:00,Pass,1.57,Active
940,ANALYZER_CHEM_01,16,20241109,2024-11-09 08:00:00,Pass,4.35,Active
941,ANALYZER_HEMA_02,9,20241109,2024-11-09 10:00:00,Pass,1.06,Active
942,ANALYZER_IMMUNO_03,18,20241109,2024-11-09 11:00:00,Pass,4.33,Active
943,ANALYZER_CHEM_01,11,20241110,2024-11-10 07:00:00,Fail,4.19,Active
944,ANALYZER_HEMA_02,9,20241110,2024-11-10 16:00:00,Fail,2.21,Active
945,ANALYZER_IMMUNO_03,7,20241110,2024-11-10 07:00:00,Fail,4.12,Active
946,ANALYZER_CHEM_01,19,20241111,2024-11-11 07:00:00,Pass,0.71,Active
947,ANALYZER_HEMA_02,9,20241111,2024-11-11 13:00:00,Fail,2.05,Active
948,ANALYZER_IMMUNO_03,7,20241111,2024-11-11 10:00:00,Pass,0.76,Active
949,ANALYZER_CHEM_01,3,20241112,2024-11-12 06:00:00,Fail,2.93,Active
950,ANALYZER_HEMA_02,19,20241112,2024-11-12 18:00:00,Pass,4.38,Active
951,ANALYZER_IMMUNO_03,4,20241112,2024-11-12 18:00:00,Fail,4.02,Active
952,ANALYZER_CHEM_01,11,20241113,2024-11-13 11:00:00,Pass,1.55,Active
953,ANALYZER_HEMA_02,19,20241113,2024-11-13 06:00:00,Pass,4.36,Active
954,ANALYZER_IMMUNO_03,7,20241113,2024-11-13 06:00:00,Pass,3.21,Active
955,ANALYZER_CHEM_01,3,20241114,2024-11-14 17:00:00,Fail,0.78,Active
956,ANALYZER_HEMA_02,19,20241114,2024-11-14 10:00:00,Fail,3.39,Active
957,ANALYZER_IMMUNO_03,4,20241114,2024-11-14 16:00:00,Pass,4.18,Active
958,ANALYZER_CHEM_01,3,20241115,2024-11-15 16:00:00,Fail,2.70,Active
959,ANALYZER_HEMA_02,9,20241115,2024-11-15 07:00:00,Pass,1.12,Active
960,ANALYZER_IMMUNO_03,7,20241115,2024-11-15 18:00:00,Fail,4.12,Active
961,ANALYZER_CHEM_01,2,20241116,2024-11-16 06:00:00,Pass,3.58,Active
962,ANALYZER_HEMA_02,9,20241116,2024-11-16 13:00:00,Pass,0.92,Active
963,ANALYZER_IMMUNO_03,17,20241116,2024-11-16 16:00:00,Pass,3.03,Active
964,ANALYZER_CHEM_01,19,20241117,2024-11-17 17:00:00,Fail,2.05,Active
965,ANALYZER_HEMA_02,19,20241117,2024-11-17 12:00:00,Fail,3.00,Active
966,ANALYZER_IMMUNO_03,12,20241117,2024-11-17 11:00:00,Fail,4.47,Active
967,ANALYZER_CHEM_01,3,20241118,2024-11-18 15:00:00,Fail,1.46,Active
968,ANALYZER_HEMA_02,19,20241118,2024-11-18 16:00:00,Fail,4.21,Active
969,ANALYZER_IMMUNO_03,17,20241118,2024-11-18 16:00:00,Fail,0.71,Active
970,ANALYZER_CHEM_01,2,20241119,2024-11-19 13:00:00,Pass,1.95,Active
971,ANALYZER_HEMA_02,9,20241119,2024-11-19 10:00:00,Fail,2.76,Active
972,ANALYZER_IMMUNO_03,20,20241119,2024-11-19 13:00:00,Fail,2.76,Active
973,ANALYZER_CHEM_01,15,20241120,2024-11-20 16:00:00,Fail,2.96,Active
974,ANALYZER_HEMA_02,19,20241120,2024-11-20 07:00:00,Pass,2.80,Active
975,ANALYZER_IMMUNO_03,18,20241120,2024-11-20 14:00:00,Fail,4.43,Active
976,ANALYZER_CHEM_01,15,20241121,2024-11-21 11:00:00,Pass,4.43,Active
977,ANALYZER_HEMA_02,9,20241121,2024-11-21 14:00:00,Pass,3.09,Active
978,ANALYZER_IMMUNO_03,10,20241121,2024-11-21 16:00:00,Pass,1.62,Active
979,ANALYZER_CHEM_01,19,20241122,2024-11-22 17:00:00,Fail,2.05,Active
980,ANALYZER_HEMA_02,19,20241122,2024-11-22 08:00:00,Fail,2.64,Active
981,ANALYZER_IMMUNO_03,10,20241122,2024-11-22 16:00:00,Fail,2.44,Active
982,ANALYZER_CHEM_01,14,20241123,2024-11-23 16:00:00,Pass,3.56,Active
983,ANALYZER_HEMA_02,19,20241123,2024-11-23 17:00:00,Fail,1.20,Active
984,ANALYZER_IMMUNO_03,4,20241123,2024-11-23 08:00:00,Pass,2.12,Active
985,ANALYZER_CHEM_01,2,20241124,2024-11-24 17:00:00,Pass,2.48,Active
986,ANALYZER_HEMA_02,9,20241124,2024-11-24 18:00:00,Pass,4.30,Active
987,ANALYZER_IMMUNO_03,4,20241124,2024-11-24 11:00:00,Pass,2.35,Active
988,ANALYZER_CHEM_01,11,20241125,2024-11-25 08:00:00,Pass,3.45,Active
989,ANALYZER_HEMA_02,19,20241125,2024-11-25 18:00:00,Pass,0.88,Active
990,ANALYZER_IMMUNO_03,12,20241125,2024-11-25 14:00:00,Fail,2.59,Active
991,ANALYZER_CHEM_01,11,20241126,2024-11-26 10:00:00,Fail,3.52,Active
992,ANALYZER_HEMA_02,9,20241126,2024-11-26 13:00:00,Fail,3.16,Active
993,ANALYZER_IMMUNO_03,20,20241126,2024-11-26 09:00:00,Pass,2.24,Active
994,ANALYZER_CHEM_01,15,20241127,2024-11-27 10:00:00,Pass,1.12,Active
995,ANALYZER_HEMA_02,19,20241127,2024-11-27 18:00:00,Pass,4.34,Active
996,ANALYZER_IMMUNO_03,4,20241127,2024-11-27 15:00:00,Pass,4.00,Active
997,ANALYZER_CHEM_01,11,20241128,2024-11-28 14:00:00,Pass,2.78,Active
998,ANALYZER_HEMA_02,19,20241128,2024-11-28 14:00:00,Pass,1.72,Active
999,ANALYZER_IMMUNO_03,7,20241128,2024-11-28 18:00:00,Pass,3.77,Active
1000,ANALYZER_CHEM_01,3,20241129,2024-11-29 12:00:00,Pass,2.23,Active
1001,ANALYZER_HEMA_02,19,20241129,2024-11-29 06:00:00,Pass,2.73,Active
1002,ANALYZER_IMMUNO_03,12,20241129,2024-11-29 09:00:00,Pass,2.02,Active
1003,ANALYZER_CHEM_01,15,20241130,2024-11-30 06:00:00,Fail,1.85,Active
1004,ANALYZER_HEMA_02,9,20241130,2024-11-30 07:00:00,Fail,3.69,Active
1005,ANALYZER_IMMUNO_03,18,20241130,2024-11-30 10:00:00,Fail,1.45,Active
1006,ANALYZER_CHEM_01,16,20241201,2024-12-01 15:00:00,Pass,4.29,Active
1007,ANALYZER_HEMA_02,19,20241201,2024-12-01 06:00:00,Pass,0.99,Active
1008,ANALYZER_IMMUNO_03,17,20241201,2024-12-01 14:00:00,Fail,4.11,Active
1009,ANALYZER_CHEM_01,3,20241202,2024-12-02 14:00:00,Pass,3.54,Active
1010,ANALYZER_HEMA_02,19,20241202,2024-12-02 18:00:00,Fail,1.40,Active
1011,ANALYZER_IMMUNO_03,7,20241202,2024-12-02 06:00:00,Fail,2.96,Active
1012,ANALYZER_CHEM_01,3,20241203,2024-12-03 09:00:00,Fail,3.27,Active
1013,ANALYZER_HEMA_02,19,20241203,2024-12-03 13:00:00,Pass,3.89,Active
1014,ANALYZER_IMMUNO_03,4,20241203,2024-12-03 12:00:00,Fail,3.67,Active
1015,ANALYZER_CHEM_01,2,20241204,2024-12-04 17:00:00,Fail,3.94,Active
1016,ANALYZER_HEMA_02,9,20241204,2024-12-04 16:00:00,Fail,2.57,Active
1017,ANALYZER_IMMUNO_03,17,20241204,2024-12-04 14:00:00,Pass,2.54,Active
1018,ANALYZER_CHEM_01,2,20241205,2024-12-05 07:00:00,Fail,4.15,Active
1019,ANALYZER_HEMA_02,19,20241205,2024-12-05 09:00:00,Pass,1.96,Active
1020,ANALYZER_IMMUNO_03,17,20241205,2024-12-05 10:00:00,Pass,0.54,Active
1021,ANALYZER_CHEM_01,2,20241206,2024-12-06 08:00:00,Pass,2.60,Active
1022,ANALYZER_HEMA_02,9,20241206,2024-12-06 08:00:00,Pass,2.14,Active
1023,ANALYZER_IMMUNO_03,17,20241206,2024-12-06 13:00:00,Pass,4.03,Active
1024,ANALYZER_CHEM_01,16,20241207,2024-12-07 07:00:00,Fail,1.19,Active
1025,ANALYZER_HEMA_02,19,20241207,2024-12-07 14:00:00,Pass,4.39,Active
1026,ANALYZER_IMMUNO_03,12,20241207,2024-12-07 16:00:00,Pass,4.41,Active
1027,ANALYZER_CHEM_01,3,20241208,2024-12-08 14:00:00,Pass,1.36,Active
1028,ANALYZER_HEMA_02,19,20241208,2024-12-08 10:00:00,Fail,3.21,Active
1029,ANALYZER_IMMUNO_03,17,20241208,2024-12-08 06:00:00,Pass,0.75,Active
1030,ANALYZER_CHEM_01,3,20241209,2024-12-09 12:00:00,Fail,2.71,Active
1031,ANALYZER_HEMA_02,19,20241209,2024-12-09 13:00:00,Fail,4.10,Active
1032,ANALYZER_IMMUNO_03,7,20241209,2024-12-09 08:00:00,Fail,3.85,Active
1033,ANALYZER_CHEM_01,16,20241210,2024-12-10 10:00:00,Fail,2.39,Active
1034,ANALYZER_HEMA_02,19,20241210,2024-12-10 08:00:00,Pass,1.66,Active
1035,ANALYZER_IMMUNO_03,17,20241210,2024-12-10 16:00:00,Fail,1.07,Active
1036,ANALYZER_CHEM_01,15,20241211,2024-12-11 09:00:00,Pass,4.25,Active
1037,ANALYZER_HEMA_02,9,20241211,2024-12-11 18:00:00,Fail,2.65,Active
1038,ANALYZER_IMMUNO_03,4,20241211,2024-12-11 14:00:00,Fail,1.67,Active
1039,ANALYZER_CHEM_01,1,20241212,2024-12-12 17:00:00,Fail,3.25,Active
1040,ANALYZER_HEMA_02,19,20241212,2024-12-12 18:00:00,Fail,4.35,Active
1041,ANALYZER_IMMUNO_03,10,20241212,2024-12-12 10:00:00,Fail,3.71,Active
1042,ANALYZER_CHEM_01,1,20241213,2024-12-13 09:00:00,Pass,3.29,Active
1043,ANALYZER_HEMA_02,9,20241213,2024-12-13 11:00:00,Fail,2.48,Active
1044,ANALYZER_IMMUNO_03,20,20241213,2024-12-13 15:00:00,Pass,3.83,Active
1045,ANALYZER_CHEM_01,11,20241214,2024-12-14 15:00:00,Pass,1.30,Active
1046,ANALYZER_HEMA_02,9,20241214,2024-12-14 14:00:00,Pass,4.45,Active
1047,ANALYZER_IMMUNO_03,17,20241214,2024-12-14 10:00:00,Fail,4.05,Active
1048,ANALYZER_CHEM_01,3,20241215,2024-12-15 09:00:00,Fail,3.44,Active
1049,ANALYZER_HEMA_02,19,20241215,2024-12-15 16:00:00,Fail,2.85,Active
1050,ANALYZER_IMMUNO_03,17,20241215,2024-12-15 06:00:00,Fail,2.68,Active
1051,ANALYZER_CHEM_01,3,20241216,2024-12-16 13:00:00,Fail,2.65,Active
1052,ANALYZER_HEMA_02,9,20241216,2024-12-16 09:00:00,Fail,2.50,Active
1053,ANALYZER_IMMUNO_03,20,20241216,2024-12-16 12:00:00,Fail,0.61,Active
1054,ANALYZER_CHEM_01,14,20241217,2024-12-17 06:00:00,Pass,1.28,Active
1055,ANALYZER_HEMA_02,19,20241217,2024-12-17 08:00:00,Pass,1.88,Active
1056,ANALYZER_IMMUNO_03,20,20241217,2024-12-17 07:00:00,Fail,0.99,Active
1057,ANALYZER_CHEM_01,19,20241218,2024-12-18 14:00:00,Fail,1.08,Active
1058,ANALYZER_HEMA_02,9,20241218,2024-12-18 07:00:00,Fail,2.29,Active
1059,ANALYZER_IMMUNO_03,12,20241218,2024-12-18 07:00:00,Fail,3.48,Active
1060,ANALYZER_CHEM_01,1,20241219,2024-12-19 18:00:00,Fail,2.17,Active
1061,ANALYZER_HEMA_02,9,20241219,2024-12-19 17:00:00,Fail,1.73,Active
1062,ANALYZER_IMMUNO_03,17,20241219,2024-12-19 16:00:00,Fail,2.63,Active
1063,ANALYZER_CHEM_01,2,20241220,2024-12-20 06:00:00,Pass,1.41,Active
1064,ANALYZER_HEMA_02,19,20241220,2024-12-20 15:00:00,Fail,3.44,Active
1065,ANALYZER_IMMUNO_03,4,20241220,2024-12-20 10:00:00,Pass,2.66,Active
1066,ANALYZER_CHEM_01,15,20241221,2024-12-21 06:00:00,Pass,1.29,Active
1067,ANALYZER_HEMA_02,9,20241221,2024-12-21 11:00:00,Pass,1.32,Active
1068,ANALYZER_IMMUNO_03,12,20241221,2024-12-21 18:00:00,Pass,3.99,Active
1069,ANALYZER_CHEM_01,14,20241222,2024-12-22 09:00:00,Fail,1.86,Active
1070,ANALYZER_HEMA_02,9,20241222,2024-12-22 08:00:00,Pass,3.32,Active
1071,ANALYZER_IMMUNO_03,10,20241222,2024-12-22 14:00:00,Pass,4.40,Active
1072,ANALYZER_CHEM_01,2,20241223,2024-12-23 16:00:00,Pass,0.55,Active
1073,ANALYZER_HEMA_02,19,20241223,2024-12-23 07:00:00,Pass,3.73,Active
1074,ANALYZER_IMMUNO_03,4,20241223,2024-12-23 12:00:00,Fail,1.02,Active
1075,ANALYZER_CHEM_01,11,20241224,2024-12-24 06:00:00,Fail,0.95,Active
1076,ANALYZER_HEMA_02,19,20241224,2024-12-24 08:00:00,Pass,0.86,Active
1077,ANALYZER_IMMUNO_03,10,20241224,2024-12-24 16:00:00,Fail,1.74,Active
1078,ANALYZER_CHEM_01,15,20241225,2024-12-25 10:00:00,Pass,0.80,Active
1079,ANALYZER_HEMA_02,9,20241225,2024-12-25 18:00:00,Pass,4.20,Active
1080,ANALYZER_IMMUNO_03,18,20241225,2024-12-25 10:00:00,Fail,1.52,Active
1081,ANALYZER_CHEM_01,1,20241226,2024-12-26 07:00:00,Fail,2.00,Active
1082,ANALYZER_HEMA_02,19,20241226,2024-12-26 06:00:00,Fail,2.16,Active
1083,ANALYZER_IMMUNO_03,12,20241226,2024-12-26 17:00:00,Pass,1.18,Active
1084,ANALYZER_CHEM_01,19,20241227,2024-12-27 18:00:00,Pass,2.17,Active
1085,ANALYZER_HEMA_02,9,20241227,2024-12-27 13:00:00,Fail,4.32,Active
1086,ANALYZER_IMMUNO_03,4,20241227,2024-12-27 18:00:00,Pass,0.79,Active
1087,ANALYZER_CHEM_01,2,20241228,2024-12-28 07:00:00,Fail,3.44,Active
1088,ANALYZER_HEMA_02,19,20241228,2024-12-28 15:00:00,Fail,3.04,Active
1089,ANALYZER_IMMUNO_03,10,20241228,2024-12-28 14:00:00,Pass,1.93,Active
1090,ANALYZER_CHEM_01,19,20241229,2024-12-29 18:00:00,Fail,2.99,Active
1091,ANALYZER_HEMA_02,9,20241229,2024-12-29 11:00:00,Pass,1.12,Active
1092,ANALYZER_IMMUNO_03,18,20241229,2024-12-29 11:00:00,Fail,4.16,Active
1093,ANALYZER_CHEM_01,15,20241230,2024-12-30 14:00:00,Pass,4.16,Active
1094,ANALYZER_HEMA_02,19,20241230,2024-12-30 14:00:00,Pass,2.45,Active
1095,ANALYZER_IMMUNO_03,7,20241230,2024-12-30 17:00:00,Pass,0.68,Active
1096,ANALYZER_CHEM_01,11,20241231,2024-12-31 06:00:00,Fail,4.02,Active
1097,ANALYZER_HEMA_02,19,20241231,2024-12-31 07:00:00,Fail,3.76,Active
1098,ANALYZER_IMMUNO_03,4,20241231,2024-12-31 13:00:00,Fail,0.68,Active
